Row Labels,2024-05-14 00:00:00,2024-05-14 01:00:00,2024-05-14 02:00:00,2024-05-14 03:00:00,2024-05-14 04:00:00,2024-05-14 05:00:00,2024-05-14 06:00:00,2024-05-14 07:00:00,2024-05-14 08:00:00,2024-05-14 09:00:00,2024-05-14 10:00:00,2024-05-14 11:00:00,2024-05-14 12:00:00,2024-05-14 13:00:00,2024-05-14 14:00:00,2024-05-14 15:00:00,2024-05-14 16:00:00,2024-05-14 17:00:00,2024-05-14 18:00:00,2024-05-14 19:00:00,2024-05-14 20:00:00,2024-05-14 21:00:00,2024-05-14 22:00:00,2024-05-14 23:00:00,Grand Total
111007_MSC_01.HW.NFSTEL.SAAZ.AA,24.70967742,23.16129032,21.93548387,20.80645161,20.5483871,21.12903226,21.58064516,23.90322581,26.5483871,29.32258065,33.38709677,33.19354839,29.87096774,27.96774194,28.4516129,28.58064516,29.32258065,29.87096774,28.96774194,31,30.22580645,31.41935484,30.51612903,28.29032258,27.27956989
"LABEL=11029, GCI=636012B15",6,5,7,8,4,2,3,7,6,7,5,3,8,9,4,2,4,6,7,9,7,8,5,4,5.666666667
"LABEL=11030, GCI=636012B16",5,4,4,4,4,5,4,5,9,5,5,7,6,7,6,5,6,7,6,6,8,5,6,4,5.541666667
"LABEL=BSC_01.HW.AD.AA.LAI01, GCI=636012B03",8,8,10,7,6,6,8,11,27,36,40,51,32,34,45,35,33,30,15,13,12,11,13,9,20.83333333
"LABEL=BSC_01.HW.AD.AA.LAI02, GCI=636012B04",20,19,19,20,19,18,21,28,34,35,37,42,35,31,36,40,40,30,27,30,24,29,27,28,28.70833333
"LABEL=BSC_01.HW.AD.AA.LAI03, GCI=636012B05",2,2,4,3,4,3,3,5,10,12,21,23,7,14,12,16,12,5,4,2,1,5,9,3,7.583333333
"LABEL=BSC_01.HW.AD.AA.LAI04, GCI=636012B06",3,3,2,2,2,2,4,5,3,6,9,8,7,12,7,9,10,13,8,7,9,9,7,8,6.458333333
"LABEL=BSC_01.HW.AD.AA.LAI05, GCI=636012B07",3,3,3,2,3,4,3,4,4,3,4,3,6,6,7,4,3,2,2,2,6,5,5,2,3.708333333
"LABEL=BSC_01.HW.AD.AA.LAI06, GCI=636012B08",10,8,4,2,1,2,2,3,2,1,3,3,2,3,2,5,2,4,3,5,7,6,4,6,3.75
"LABEL=BSC_02.HW.MW.AA.LAI01, GCI=636012AF9",23,21,21,22,22,22,24,24,20,28,25,24,26,28,24,29,28,31,27,27,27,24,22,23,24.66666667
"LABEL=BSC_02.HW.MW.AA.LAI01, GCI=636012B14",18,19,22,18,17,21,18,19,16,19,24,22,23,20,17,21,26,25,22,27,30,23,28,27,21.75
"LABEL=BSC_02.HW.MW.AA.LAI02, GCI=636012AFA",17,18,22,17,20,17,17,14,24,21,29,28,23,27,26,30,24,20,26,30,32,35,27,30,23.91666667
"LABEL=BSC_02.HW.MW.AA.LAI03, GCI=636012AFB",10,12,9,8,6,8,6,15,14,18,18,11,13,12,10,9,13,12,8,15,18,18,15,10,12
"LABEL=BSC_02.HW.MW.AA.LAI04, GCI=636012AFC",34,30,29,34,30,34,27,33,33,32,31,33,32,26,31,26,23,26,32,35,35,32,36,37,31.29166667
"LABEL=BSC_02.HW.MW.AA.LAI05, GCI=636012AFD",33,38,29,36,34,34,31,35,30,27,28,29,31,27,30,28,36,33,38,44,38,45,50,45,34.54166667
"LABEL=BSC_03.HW.KK.AA.LAI01, GCI=636012B0A",7,6,6,6,6,5,7,10,7,9,7,6,8,8,5,5,6,3,7,6,6,9,8,7,6.666666667
"LABEL=BSC_03.HW.KK.AA.LAI02, GCI=636012B09",3,3,3,3,3,3,2,1,4,2,3,5,3,3,3,5,6,5,3,7,5,8,9,5,4.041666667
"LABEL=BSC_03.HW.KK.AA.LAI03, GCI=636012B0B",6,6,6,5,5,3,3,7,5,7,6,9,6,5,5,9,10,7,9,9,9,10,8,5,6.666666667
"LABEL=BSC_03.HW.KK.AA.LAI04, GCI=636012B0C",2,1,2,2,2,2,3,4,4,5,4,3,3,3,2,1,4,3,1,4,4,3,4,4,2.916666667
"LABEL=BSC_03.HW.KK.AA.LAI05, GCI=636012B0D",7,7,6,6,6,6,6,3,5,5,8,9,7,4,4,7,5,5,5,4,8,10,8,6,6.125
"LABEL=BSC_04.HW.NF.AA.LAI01, GCI=636012AFE",12,13,12,13,14,15,11,13,18,27,38,32,32,40,23,38,32,38,25,30,21,20,21,21,23.29166667
"LABEL=BSC_04.HW.NF.AA.LAI02, GCI=636012AFF",121,111,105,95,101,109,121,131,134,151,180,171,150,132,153,155,142,155,140,177,162,176,160,152,141
"LABEL=BSC_04.HW.NF.AA.LAI03, GCI=636012B00",193,191,187,184,183,184,177,183,191,189,197,190,193,187,204,182,185,189,203,211,212,205,200,193,192.2083333
"LABEL=BSC_04.HW.NF.AA.LAI04, GCI=636012B01",28,25,25,25,26,23,24,31,35,35,41,43,42,34,42,38,37,41,41,39,34,43,30,25,33.625
"LABEL=BSC_04.HW.NF.AA.LAI05, GCI=636012B02",46,44,37,33,33,37,42,37,42,49,50,58,50,45,38,43,47,49,46,50,51,51,54,54,45.25
"LABEL=BSC_05.HW.BL.AA.LAI01, GCI=636012B0E",32,30,31,32,33,32,33,33,45,53,52,59,67,58,60,49,56,64,49,44,39,43,34,34,44.25
"LABEL=BSC_05.HW.BL.AA.LAI02, GCI=636012B0F",16,13,14,14,12,12,15,21,31,21,25,30,27,29,25,32,35,33,37,35,38,37,35,27,25.58333333
"LABEL=BSC_05.HW.BL.AA.LAI03, GCI=636012B10",53,43,35,25,22,25,32,36,34,50,75,43,34,21,21,20,28,44,48,44,45,42,59,53,38.83333333
"LABEL=BSC_05.HW.BL.AA.LAI04, GCI=636012B11",41,31,22,17,17,19,17,18,31,48,66,72,49,32,29,33,45,39,44,38,39,50,52,45,37.25
"LABEL=BSC_05.HW.BL.AA.LAI05, GCI=636012B12",7,4,4,2,2,2,5,5,5,8,4,12,4,10,11,10,11,7,15,11,10,12,10,10,7.541666667
"LABEL=E2E-LA, GCI=636019C5E",0,0,0,0,0,0,0,0,0,0,0,0,0,0,0,0,0,0,0,0,0,0,0,0,0
"LABEL=NON_BROADCAST_NF, GCI=636011201",0,0,0,0,0,0,0,0,0,0,0,0,0,0,0,0,0,0,0,0,0,0,0,0,0
111051_MSC_02.HW.MWTEL.CAAZ.AA,26.03333333,23.63333333,22.43333333,21.36666667,21.4,21.3,22.33333333,24.16666667,28.03333333,30.73333333,34.06666667,34.6,31.73333333,31,30.43333333,30.2,29.93333333,30.4,30.2,31.13333333,32.23333333,32.4,31.26666667,29.5,28.35555556
"LABEL=111168.BSC_03.HW.KIRKTEL.SAAZ.AA, GCI=636012B15",4,6,4,6,6,6,4,5,4,4,5,5,4,3,6,6,4,3,5,4,6,5,5,4,4.75
"LABEL=BSC_01.HW.AD.AA.LAI01, GCI=636012B03",11,11,12,10,11,8,10,15,33,40,45,59,34,44,41,30,24,23,27,17,15,14,13,15,23.41666667
"LABEL=BSC_01.HW.AD.AA.LAI02, GCI=636012B04",23,26,26,24,26,24,28,31,35,51,52,47,45,44,45,45,35,38,32,33,26,27,29,25,34.04166667
"LABEL=BSC_01.HW.AD.AA.LAI03, GCI=636012B05",6,5,3,5,5,3,8,5,12,16,20,15,13,16,16,14,10,10,5,4,7,7,9,8,9.25
"LABEL=BSC_01.HW.AD.AA.LAI04, GCI=636012B06",7,5,6,7,5,3,4,10,12,13,14,13,14,16,12,11,10,7,6,8,10,15,14,11,9.708333333
"LABEL=BSC_01.HW.AD.AA.LAI05, GCI=636012B07",1,1,1,1,1,1,2,2,2,2,4,2,3,2,3,1,2,1,4,3,1,4,4,3,2.125
"LABEL=BSC_01.HW.AD.AA.LAI06, GCI=636012B08",1,1,1,0,0,1,1,2,1,0,1,3,4,3,3,2,2,3,3,5,5,7,6,3,2.416666667
"LABEL=BSC_02.HW.MW.AA.LAI01, GCI=636012AF9",21,21,18,19,17,19,17,16,26,26,35,41,42,37,36,29,41,37,33,26,27,24,24,24,27.33333333
"LABEL=BSC_02.HW.MW.AA.LAI01, GCI=636012B14",20,15,16,16,16,14,14,16,21,21,23,20,25,22,23,24,22,25,26,25,28,30,22,25,21.20833333
"LABEL=BSC_02.HW.MW.AA.LAI02, GCI=636012AFA",21,20,19,14,17,15,15,18,20,15,20,28,29,28,32,28,30,23,23,21,24,21,27,21,22.04166667
"LABEL=BSC_02.HW.MW.AA.LAI03, GCI=636012AFB",5,4,7,5,5,5,4,3,9,6,7,4,9,8,6,5,7,8,5,4,11,8,6,9,6.25
"LABEL=BSC_02.HW.MW.AA.LAI04, GCI=636012AFC",20,21,22,19,18,22,24,23,23,19,24,25,37,32,25,27,28,35,38,41,46,52,36,37,28.91666667
"LABEL=BSC_02.HW.MW.AA.LAI05, GCI=636012AFD",46,44,42,43,41,46,41,47,47,40,44,52,37,46,48,49,56,54,48,47,55,51,48,43,46.45833333
"LABEL=BSC_03.HW.KK.AA.LAI01, GCI=636012B0A",8,6,6,6,6,6,4,7,5,9,8,5,4,4,5,7,7,7,6,9,11,10,9,8,6.791666667
"LABEL=BSC_03.HW.KK.AA.LAI02, GCI=636012B09",4,5,5,5,5,5,4,5,4,5,4,5,3,5,4,4,5,6,5,4,7,7,8,4,4.916666667
"LABEL=BSC_03.HW.KK.AA.LAI03, GCI=636012B0B",1,1,2,1,2,1,1,2,0,2,3,3,4,5,6,3,1,2,6,6,7,6,8,4,3.208333333
"LABEL=BSC_03.HW.KK.AA.LAI04, GCI=636012B0C",2,2,1,1,1,1,2,2,4,2,5,8,7,6,4,3,6,6,6,4,5,4,6,4,3.833333333
"LABEL=BSC_03.HW.KK.AA.LAI05, GCI=636012B0D",4,3,4,4,3,3,3,4,6,8,11,9,6,7,8,8,7,10,7,6,9,6,6,6,6.166666667
"LABEL=BSC_04.HW.NF.AA.LAI01, GCI=636012AFE",11,9,8,9,7,7,7,15,17,30,38,33,35,38,40,33,31,33,17,21,21,18,15,15,21.16666667
"LABEL=BSC_04.HW.NF.AA.LAI02, GCI=636012AFF",133,118,108,104,106,108,123,132,130,152,181,170,155,151,151,151,154,143,136,156,164,176,165,149,142.3333333
"LABEL=BSC_04.HW.NF.AA.LAI03, GCI=636012B00",184,179,175,168,167,171,162,162,185,182,185,181,170,183,165,186,169,181,193,199,189,199,191,183,179.5416667
"LABEL=BSC_04.HW.NF.AA.LAI04, GCI=636012B01",36,34,33,31,30,28,33,29,37,43,38,35,43,31,32,30,27,34,28,31,43,38,44,36,34.33333333
"LABEL=BSC_04.HW.NF.AA.LAI05, GCI=636012B02",54,46,43,42,39,41,40,47,44,48,43,44,40,42,44,50,46,53,65,59,60,63,60,59,48.83333333
"LABEL=BSC_05.HW.BL.AA.LAI01, GCI=636012B0E",33,30,30,34,31,29,29,31,43,41,54,54,52,42,56,45,53,43,43,49,44,35,33,29,40.125
"LABEL=BSC_05.HW.BL.AA.LAI02, GCI=636012B0F",19,16,15,14,15,15,15,21,31,23,21,24,24,27,30,32,32,38,32,38,30,30,26,26,24.75
"LABEL=BSC_05.HW.BL.AA.LAI03, GCI=636012B10",44,38,30,24,29,25,38,36,50,73,75,63,39,43,31,40,38,44,48,50,53,50,53,65,44.95833333
"LABEL=BSC_05.HW.BL.AA.LAI04, GCI=636012B11",54,35,29,23,26,26,26,28,25,39,48,72,59,31,30,29,39,35,41,50,42,44,53,55,39.125
"LABEL=BSC_05.HW.BL.AA.LAI05, GCI=636012B12",3,3,3,2,3,2,7,7,8,7,8,10,10,7,8,8,7,6,10,10,15,14,9,9,7.333333333
"LABEL=BSC_05.HW.BL.AA.LAI05, GCI=636012B16",5,4,4,4,4,4,4,4,7,5,6,8,5,7,3,6,5,4,8,4,6,7,9,5,5.333333333
"LABEL=E2E-LA, GCI=636019C54",0,0,0,0,0,0,0,0,0,0,0,0,0,0,0,0,0,0,0,0,0,0,0,0,0
111055_MSC_09.HW.ARDTEL.WAAZ.AA,16.25,15.17307692,14.78846154,14.65384615,14.53846154,15.5,17.84615385,19.26923077,19.82692308,19.51923077,19.67307692,19.94230769,20.11538462,19.92307692,20.17307692,18.26923077,17.40384615,16.65384615,16.42307692,22.40384615,23.5,23.53846154,20.36538462,18.32692308,18.50320513
"LABEL=12001, GCI=636012EE1",8,7,7,7,6,5,7,10,10,10,10,10,12,14,13,9,5,6,11,13,11,10,9,9,9.125
"LABEL=12002, GCI=636012EE2",2,1,1,3,3,3,4,4,6,6,9,8,8,9,6,10,14,11,9,6,11,10,10,10,6.833333333
"LABEL=12003, GCI=636012EE3",9,9,9,8,10,7,5,9,8,14,13,14,14,11,15,15,14,16,16,13,16,17,11,13,11.91666667
"LABEL=12004, GCI=636012EE4",1,1,1,1,1,1,0,0,0,0,4,0,1,2,5,1,2,5,3,1,0,0,0,0,1.25
"LABEL=12005, GCI=636012EE5",4,3,2,1,3,9,6,3,3,5,3,6,3,2,3,7,6,4,8,6,6,3,4,5,4.375
"LABEL=12006, GCI=636012EE6",25,23,26,22,21,26,31,32,36,34,32,33,31,34,35,40,40,35,40,38,35,39,29,32,32.04166667
"LABEL=12007, GCI=636012EE7",11,13,12,17,18,15,12,21,19,26,25,26,26,23,23,21,28,22,24,23,20,17,23,18,20.125
"LABEL=12008, GCI=636012EE8",34,31,31,28,29,31,37,37,39,39,37,40,37,38,37,35,39,37,38,33,32,32,34,30,34.79166667
"LABEL=12009, GCI=636012EE9",62,63,55,59,55,56,64,65,67,67,65,65,64,57,69,63,65,74,71,74,79,74,70,71,65.58333333
"LABEL=12010, GCI=636012EEA",10,8,8,7,8,7,5,4,10,8,9,6,8,6,6,9,8,9,14,12,9,13,7,4,8.125
"LABEL=12011, GCI=636012EEB",1,0,1,0,1,1,0,2,1,1,1,1,1,2,5,7,5,2,3,0,0,1,2,1,1.625
"LABEL=12012, GCI=636012EEC",8,7,8,8,9,10,10,9,10,9,14,13,11,9,9,7,8,14,12,12,15,12,16,15,10.625
"LABEL=13002, GCI=6360132CA",7,8,8,8,6,6,7,9,10,7,10,9,9,9,10,10,11,11,9,12,12,12,12,10,9.25
"LABEL=17008, GCI=636014270",9,7,7,7,6,7,11,17,17,18,16,21,26,22,15,14,14,17,18,16,12,10,10,9,13.58333333
"LABEL=171162.BSC_02.HW.NWR.BD_LAC_17011, GCI=636014271",2,1,1,1,1,2,2,3,4,3,4,2,5,3,2,3,4,3,1,1,1,1,1,1,2.166666667
"LABEL=171162.BSC_02.HW.NWR.BD_LAC_17012, GCI=636014272",1,1,1,1,1,2,2,3,6,6,4,6,4,5,5,4,1,0,0,2,1,1,0,0,2.375
"LABEL=171172.BSC_01.HW.NWR.GR_LAC_17002, GCI=63601426A",19,17,16,17,16,13,14,15,13,17,14,16,12,15,22,16,20,20,21,23,17,18,18,16,16.875
"LABEL=171172.BSC_01.HW.NWR.GR_LAC_17003, GCI=63601426B",3,2,2,2,2,1,3,4,5,5,4,3,4,5,3,3,3,3,3,1,2,2,2,2,2.875
"LABEL=171172.BSC_01.HW.NWR.GR_LAC_17004, GCI=63601426C",79,75,79,69,65,68,82,91,95,84,88,109,108,102,106,104,100,107,96,96,104,158,104,77,93.58333333
"LABEL=171172.BSC_01.HW.TELE.GONDER.NNWR 17020, GCI=63601427D",308,270,264,262,263,285,330,370,387,375,379,383,376,372,355,270,199,150,139,437,489,489,414,364,330.4166667
"LABEL=171172.BSC_01.HW.TELE.GONDER.NNWR 17021, GCI=63601427C",2,2,2,2,2,2,1,2,2,2,2,2,4,3,3,1,1,0,1,1,2,2,2,2,1.875
"LABEL=6360132C9, GCI=6360132C9",15,16,16,17,15,16,20,23,21,23,21,22,20,21,23,23,25,23,18,22,21,21,19,17,19.91666667
"LABEL=6360132CD, GCI=6360132CD",8,8,7,9,8,8,11,16,15,12,7,11,15,12,9,9,9,11,10,15,18,19,16,15,11.58333333
"LABEL=6360132CE, GCI=6360132CE",34,34,34,34,35,36,37,44,38,37,43,36,37,43,46,44,43,53,55,58,60,46,45,45,42.375
"LABEL=6360132CF, GCI=6360132CF",9,10,6,8,6,8,11,9,11,10,10,14,13,13,15,22,22,24,25,23,25,18,15,14,14.20833333
"LABEL=6360132D0, GCI=6360132D0",30,28,26,29,28,28,30,31,32,29,26,25,25,27,27,36,42,37,38,45,41,40,36,35,32.125
"LABEL=6360132D1, GCI=6360132D1",8,9,10,8,8,10,9,10,9,11,14,11,10,16,19,19,18,15,13,15,19,18,16,16,12.95833333
"LABEL=6360132D2, GCI=6360132D2",17,15,14,14,14,16,16,14,14,11,11,11,11,16,16,12,13,13,9,15,15,10,9,8,13.08333333
"LABEL=6360132D3, GCI=6360132D3",0,1,1,1,1,2,1,1,1,1,1,1,0,0,0,0,0,0,0,0,1,1,0,0,0.583333333
"LABEL=BSC_01.HW.AD.CNR, GCI=636013E81",6,6,5,6,6,10,12,9,10,11,14,12,15,18,14,17,20,13,13,16,17,13,14,15,12.16666667
"LABEL=BSC_01.HW.AD.CNR, GCI=636013E82",16,16,15,11,11,11,13,13,15,15,17,17,22,20,20,18,16,21,18,17,13,13,12,9,15.375
"LABEL=BSC_01.HW.AD.CNR, GCI=636013E83",13,11,11,10,11,12,13,13,10,11,10,10,10,10,10,8,9,10,12,10,10,11,10,10,10.625
"LABEL=BSC_01.HW.AD.CNR, GCI=636013E84",20,19,17,21,20,20,25,22,25,25,24,20,25,27,24,25,27,25,23,23,21,20,20,21,22.45833333
"LABEL=BSC_01.HW.AD.CNR, GCI=636013E85",7,8,8,9,9,9,15,12,12,12,12,8,9,7,10,10,13,10,10,10,11,11,12,9,10.125
"LABEL=BSC_01.HW.AD.CNR, GCI=636013E86",20,21,21,19,23,24,37,29,21,25,26,25,17,19,23,22,20,21,21,21,19,14,20,17,21.875
"LABEL=BSC_01.HW.NWR.GD, GCI=636010008",0,0,0,0,0,0,0,0,0,0,0,0,0,0,0,0,0,0,0,0,0,0,0,0,0
"LABEL=BSC_01.HW.NWR.GD_LAC_17001, GCI=636014269",8,8,8,8,8,7,9,9,9,9,9,8,9,8,7,8,8,10,12,13,12,10,8,7,8.833333333
"LABEL=BSC_01.HW.NWR.GD-17017, GCI=636014279",0,1,0,0,0,0,2,1,1,2,1,0,4,2,1,1,1,1,2,0,0,0,1,0,0.875
"LABEL=BSC_02.HW.NWR.BD_LAC_17011, GCI=636014273",1,1,1,1,1,1,1,1,1,3,4,3,3,1,3,2,2,1,1,5,5,5,1,1,2.041666667
"LABEL=BSC_02.HW.NWR.BD_LAC_17012, GCI=636014274",0,0,0,0,0,0,1,0,0,0,0,0,0,1,1,1,1,2,1,1,1,1,0,0,0.458333333
"LABEL=BSC_03.HW.NWR.BD, GCI=636010007",0,0,0,0,0,0,0,0,0,0,0,0,0,0,0,0,0,0,0,0,0,0,0,0,0
"LABEL=BSC_03.HW.NWR.BD_LAI-1, GCI=63601426D",5,5,5,5,5,6,5,4,5,8,5,6,7,6,3,3,4,4,5,5,5,6,6,4,5.083333333
"LABEL=BSC_03.HW.NWR.BD_LAI-2, GCI=63601426F",0,0,0,0,1,1,1,2,2,2,2,3,4,2,3,1,2,3,3,3,3,2,1,1,1.75
"LABEL=BSC_03.HW.NWR.BD_LAI-3, GCI=63601426E",10,10,11,10,10,10,9,10,10,8,8,6,9,8,9,9,9,8,7,7,7,7,7,9,8.666666667
"LABEL=BSC_03.HW.NWR.BD-17018, GCI=63601427A",1,1,1,1,1,1,2,2,3,1,1,1,1,1,1,1,3,3,2,3,4,3,3,3,1.833333333
"LABEL=BSC_04.HW.NWR.DM, GCI=636010009",0,0,0,0,0,0,0,0,0,0,0,0,0,0,0,0,0,0,0,0,0,0,0,0,0
"LABEL=BSC_04.HW.NWR.DM_LAC_17013, GCI=636014275",8,8,7,7,6,9,6,10,11,9,8,8,12,9,10,7,9,10,15,13,15,13,10,8,9.5
"LABEL=BSC_04.HW.NWR.DM_LAC_17016, GCI=636014278",0,0,0,0,0,0,1,0,0,0,1,2,0,0,1,0,1,0,1,1,1,0,0,0,0.375
"LABEL=BSC_04.HW.NWR.DM_LAI-1, GCI=636014276",2,2,2,2,2,2,5,3,3,2,2,2,1,2,1,1,0,1,0,0,1,1,0,0,1.541666667
"LABEL=BSC_04.HW.NWR.DM_LAI-2, GCI=636014277",1,1,1,1,1,2,2,4,2,1,2,1,3,2,2,0,0,1,3,2,2,0,0,0,1.416666667
"LABEL=BSC_04.HW.NWR.DM-17019, GCI=63601427B",1,1,1,1,0,0,1,0,2,1,1,1,0,2,4,2,1,0,0,2,1,0,0,0,0.916666667
"LABEL=MSC_09.HW.AD.CNR, GCI=636011209",0,0,0,0,0,0,0,0,0,0,0,0,0,0,0,0,0,0,0,0,0,0,0,0,0
111168_MSC_03.HW.KIRKTEL.SAAZ.AA,27.23333333,25.26666667,23.73333333,23.2,22.8,22.46666667,23.6,26.23333333,28.13333333,33.63333333,37.5,38.1,35.26666667,33.46666667,32.1,33.43333333,33.7,34.06666667,32.76666667,34.83333333,35.66666667,33.66666667,33.76666667,31.63333333,30.67777778
"LABEL=111168.BSC_03.HW.KIRKTEL.SAAZ.AA, GCI=636012B15",5,4,4,3,4,5,6,6,4,5,3,7,7,8,6,8,7,9,9,9,10,11,11,10,6.708333333
"LABEL=BSC_01.HW.AD.AA.LAI01, GCI=636012B03",12,12,11,13,10,13,11,18,27,32,48,47,49,44,35,42,42,32,25,26,29,24,20,21,26.79166667
"LABEL=BSC_01.HW.AD.AA.LAI02, GCI=636012B04",16,19,16,18,18,16,19,29,29,56,48,43,47,48,34,45,27,30,27,28,27,28,27,27,30.08333333
"LABEL=BSC_01.HW.AD.AA.LAI03, GCI=636012B05",12,14,12,10,10,7,9,12,11,18,22,29,19,20,29,22,12,16,11,13,11,12,14,13,14.91666667
"LABEL=BSC_01.HW.AD.AA.LAI04, GCI=636012B06",2,2,2,0,1,2,1,0,8,5,11,12,10,12,9,8,5,7,3,7,6,2,2,3,5
"LABEL=BSC_01.HW.AD.AA.LAI05, GCI=636012B07",4,1,4,3,2,2,0,2,1,3,4,5,9,4,5,0,1,2,1,2,2,2,1,1,2.541666667
"LABEL=BSC_01.HW.AD.AA.LAI06, GCI=636012B08",5,7,6,3,2,2,1,2,3,3,5,6,2,3,2,3,3,2,4,5,4,3,2,3,3.375
"LABEL=BSC_02.HW.MW.AA.LAI01, GCI=636012AF9",29,26,27,26,25,25,28,24,29,37,46,38,47,38,40,39,43,38,33,36,29,30,27,26,32.75
"LABEL=BSC_02.HW.MW.AA.LAI01, GCI=636012B14",24,21,19,19,16,19,18,19,22,23,19,20,15,22,24,18,17,25,23,26,30,32,27,22,21.66666667
"LABEL=BSC_02.HW.MW.AA.LAI02, GCI=636012AFA",24,22,21,22,21,17,14,19,20,24,35,30,29,32,22,19,22,21,26,27,34,40,32,26,24.95833333
"LABEL=BSC_02.HW.MW.AA.LAI03, GCI=636012AFB",7,4,4,5,4,5,6,7,11,18,8,10,10,12,13,10,12,10,10,12,12,11,8,8,9.041666667
"LABEL=BSC_02.HW.MW.AA.LAI04, GCI=636012AFC",39,34,31,30,34,29,33,30,32,38,41,43,30,38,33,37,39,35,34,40,38,35,36,34,35.125
"LABEL=BSC_02.HW.MW.AA.LAI05, GCI=636012AFD",35,27,31,28,24,22,22,27,29,37,34,41,40,38,34,44,40,51,47,49,51,46,46,41,36.83333333
"LABEL=BSC_03.HW.KK.AA.LAI01, GCI=636012B0A",11,11,11,13,9,11,10,11,12,12,14,14,14,12,13,13,15,11,10,10,13,14,10,12,11.91666667
"LABEL=BSC_03.HW.KK.AA.LAI02, GCI=636012B09",2,2,2,2,2,2,1,1,3,3,3,5,4,6,5,4,3,4,4,5,5,5,3,3,3.291666667
"LABEL=BSC_03.HW.KK.AA.LAI03, GCI=636012B0B",4,3,3,4,4,4,1,1,2,4,2,6,2,5,4,6,7,5,5,9,8,6,7,6,4.5
"LABEL=BSC_03.HW.KK.AA.LAI04, GCI=636012B0C",2,2,3,2,3,3,3,3,4,6,6,9,7,3,3,7,9,5,4,4,4,3,2,3,4.166666667
"LABEL=BSC_03.HW.KK.AA.LAI05, GCI=636012B0D",6,7,6,6,6,5,6,8,7,14,11,5,8,12,10,7,8,7,7,9,5,6,7,6,7.458333333
"LABEL=BSC_04.HW.NF.AA.LAI01, GCI=636012AFE",24,27,23,23,19,19,22,20,24,35,35,31,39,34,38,37,40,37,36,29,22,25,30,22,28.79166667
"LABEL=BSC_04.HW.NF.AA.LAI02, GCI=636012AFF",111,105,99,99,101,111,119,135,145,156,191,173,147,144,140,161,157,146,138,162,171,162,180,152,141.875
"LABEL=BSC_04.HW.NF.AA.LAI03, GCI=636012B00",204,201,197,195,192,185,190,196,198,186,209,216,200,197,199,211,220,243,235,247,255,251,242,226,212.2916667
"LABEL=BSC_04.HW.NF.AA.LAI04, GCI=636012B01",26,23,25,23,23,28,27,30,30,38,41,46,44,44,41,42,39,37,44,38,39,33,29,28,34.08333333
"LABEL=BSC_04.HW.NF.AA.LAI05, GCI=636012B02",49,44,37,33,34,28,31,39,37,46,42,51,54,54,44,44,38,43,39,49,50,47,44,47,42.66666667
"LABEL=BSC_05.HW.BL.AA.LAI01, GCI=636012B0E",40,40,38,38,37,36,40,47,53,56,50,58,67,58,64,59,63,65,58,54,62,54,52,49,51.58333333
"LABEL=BSC_05.HW.BL.AA.LAI02, GCI=636012B0F",17,17,15,13,13,13,16,16,22,20,35,35,35,25,31,30,35,42,39,42,37,23,29,24,26
"LABEL=BSC_05.HW.BL.AA.LAI03, GCI=636012B10",39,34,29,33,38,32,39,46,40,66,77,69,56,42,39,34,42,40,52,49,52,48,51,63,46.25
"LABEL=BSC_05.HW.BL.AA.LAI04, GCI=636012B11",54,38,26,22,21,22,23,23,30,56,67,76,54,34,33,33,46,41,40,42,34,38,49,51,39.70833333
"LABEL=BSC_05.HW.BL.AA.LAI05, GCI=636012B12",7,7,6,7,8,8,9,9,8,7,11,13,9,11,10,14,12,11,11,9,18,12,16,11,10.16666667
"LABEL=BSC_05.HW.BL.AA.LAI05, GCI=636012B16",7,4,4,3,3,3,3,7,3,5,7,5,4,4,3,6,7,7,8,7,12,7,9,11,5.791666667
"LABEL=NON_BROADCAST_KK, GCI=636011203",0,0,0,0,0,0,0,0,0,0,0,0,0,0,0,0,0,0,0,0,0,0,0,0,0
121272_MSC_07.HW.TELE.Endaselasie.NR,2.490566038,2.396226415,2.113207547,2.113207547,2.226415094,2.20754717,2.490566038,2.377358491,2.641509434,2.641509434,2.716981132,2.754716981,2.716981132,2.471698113,2.41509434,2.396226415,2.20754717,2.58490566,2.943396226,3.150943396,2.981132075,2.754716981,2.679245283,2.566037736,2.543238994
"LABEL=12001, GCI=636012EE1",3,3,2,2,3,6,5,4,7,8,4,3,4,4,3,4,5,3,4,5,7,4,7,7,4.458333333
"LABEL=12002, GCI=636012EE2",8,8,6,7,6,5,7,7,7,6,10,9,10,8,10,9,8,13,11,8,5,5,5,5,7.625
"LABEL=12003, GCI=636012EE3",2,3,4,2,2,4,2,3,5,3,2,4,1,4,4,3,2,4,2,5,5,5,5,4,3.333333333
"LABEL=12004, GCI=636012EE4",0,1,1,2,2,2,2,3,1,0,0,1,0,0,0,0,0,0,1,1,0,0,0,1,0.75
"LABEL=12005, GCI=636012EE5",1,2,1,1,2,2,2,1,1,0,0,0,1,1,2,3,0,0,2,1,3,2,2,4,1.416666667
"LABEL=12006, GCI=636012EE6",23,22,18,20,19,18,24,19,24,23,27,31,26,25,18,20,16,17,22,27,25,24,23,21,22.16666667
"LABEL=12007, GCI=636012EE7",16,18,17,13,14,13,21,17,17,20,19,15,18,17,17,21,18,18,20,25,21,23,20,17,18.125
"LABEL=12008, GCI=636012EE8",23,20,17,18,19,16,19,19,22,20,15,19,20,20,18,16,16,18,28,31,27,24,16,19,20
"LABEL=12009, GCI=636012EE9",31,30,27,28,29,30,29,32,29,28,36,33,33,27,32,29,32,36,36,31,38,34,36,37,31.79166667
"LABEL=12010, GCI=636012EEA",7,6,6,6,6,7,8,8,11,10,9,10,10,11,10,10,10,12,16,14,9,9,12,4,9.208333333
"LABEL=12011, GCI=636012EEB",3,2,2,1,2,2,2,0,2,3,3,2,3,2,1,0,0,2,2,1,2,3,3,2,1.875
"LABEL=12012, GCI=636012EEC",8,7,6,7,9,8,7,8,9,13,12,10,10,9,8,8,5,6,6,12,10,8,8,9,8.458333333
"LABEL=12013, GCI=636012EED",7,5,5,5,5,4,4,5,5,6,7,9,8,3,5,4,5,8,6,6,6,5,5,6,5.583333333
"LABEL=13002, GCI=6360132CA",0,0,0,0,0,0,0,0,0,0,0,0,0,0,0,0,0,0,0,0,0,0,0,0,0
"LABEL=17008, GCI=636014270",0,0,0,0,0,0,0,0,0,0,0,0,0,0,0,0,0,0,0,0,0,0,0,0,0
"LABEL=171162.BSC_02.HW.NWR.BD_LAC_17011, GCI=636014271",0,0,0,0,0,0,0,0,0,0,0,0,0,0,0,0,0,0,0,0,0,0,0,0,0
"LABEL=171162.BSC_02.HW.NWR.BD_LAC_17012, GCI=636014272",0,0,0,0,0,0,0,0,0,0,0,0,0,0,0,0,0,0,0,0,0,0,0,0,0
"LABEL=171172.BSC_01.HW.NWR.GR_LAC_17002, GCI=63601426A",0,0,0,0,0,0,0,0,0,0,0,0,0,0,0,0,0,0,0,0,0,0,0,0,0
"LABEL=171172.BSC_01.HW.NWR.GR_LAC_17003, GCI=63601426B",0,0,0,0,0,0,0,0,0,0,0,0,0,0,0,0,0,0,0,0,0,0,0,0,0
"LABEL=171172.BSC_01.HW.NWR.GR_LAC_17004, GCI=63601426C",0,0,0,0,0,0,0,0,0,0,0,0,0,0,0,0,0,0,0,0,0,0,0,0,0
"LABEL=171172.BSC_01.HW.TELE.GONDER.NNWR 17021, GCI=63601427C",0,0,0,0,0,0,0,0,0,0,0,0,0,0,0,0,0,0,0,0,0,0,0,0,0
"LABEL=171172.BSC_01.HW.TELE.GONDER.NNWR 17021, GCI=63601427D",0,0,0,0,0,0,0,0,0,0,0,0,0,0,0,0,0,0,0,0,0,0,0,0,0
"LABEL=6360132C9, GCI=6360132C9",0,0,0,0,0,0,0,0,0,0,0,0,0,0,0,0,0,0,0,0,0,0,0,0,0
"LABEL=6360132CD, GCI=6360132CD",0,0,0,0,0,0,0,0,0,0,0,0,0,0,0,0,0,0,0,0,0,0,0,0,0
"LABEL=6360132CE, GCI=6360132CE",0,0,0,0,0,0,0,0,0,0,0,0,0,0,0,0,0,0,0,0,0,0,0,0,0
"LABEL=6360132CF, GCI=6360132CF",0,0,0,0,0,0,0,0,0,0,0,0,0,0,0,0,0,0,0,0,0,0,0,0,0
"LABEL=6360132D0, GCI=6360132D0",0,0,0,0,0,0,0,0,0,0,0,0,0,0,0,0,0,0,0,0,0,0,0,0,0
"LABEL=6360132D1, GCI=6360132D1",0,0,0,0,0,0,0,0,0,0,0,0,0,0,0,0,0,0,0,0,0,0,0,0,0
"LABEL=6360132D2, GCI=6360132D2",0,0,0,0,0,0,0,0,0,0,0,0,0,0,0,0,0,0,0,0,0,0,0,0,0
"LABEL=6360132D3, GCI=6360132D3",0,0,0,0,0,0,0,0,0,0,0,0,0,0,0,0,0,0,0,0,0,0,0,0,0
"LABEL=BSC_01.HW.AD.CNR, GCI=636013E81",0,0,0,0,0,0,0,0,0,0,0,0,0,0,0,0,0,0,0,0,0,0,0,0,0
"LABEL=BSC_01.HW.AD.CNR, GCI=636013E82",0,0,0,0,0,0,0,0,0,0,0,0,0,0,0,0,0,0,0,0,0,0,0,0,0
"LABEL=BSC_01.HW.AD.CNR, GCI=636013E83",0,0,0,0,0,0,0,0,0,0,0,0,0,0,0,0,0,0,0,0,0,0,0,0,0
"LABEL=BSC_01.HW.AD.CNR, GCI=636013E84",0,0,0,0,0,0,0,0,0,0,0,0,0,0,0,0,0,0,0,0,0,0,0,0,0
"LABEL=BSC_01.HW.AD.CNR, GCI=636013E85",0,0,0,0,0,0,0,0,0,0,0,0,0,0,0,0,0,0,0,0,0,0,0,0,0
"LABEL=BSC_01.HW.AD.CNR, GCI=636013E86",0,0,0,0,0,0,0,0,0,0,0,0,0,0,0,0,0,0,0,0,0,0,0,0,0
"LABEL=BSC_01.HW.NWR.GD, GCI=636010008",0,0,0,0,0,0,0,0,0,0,0,0,0,0,0,0,0,0,0,0,0,0,0,0,0
"LABEL=BSC_01.HW.NWR.GD_LAC_17001, GCI=636014269",0,0,0,0,0,0,0,0,0,0,0,0,0,0,0,0,0,0,0,0,0,0,0,0,0
"LABEL=BSC_01.HW.NWR.GD-17017, GCI=636014279",0,0,0,0,0,0,0,0,0,0,0,0,0,0,0,0,0,0,0,0,0,0,0,0,0
"LABEL=BSC_02.HW.NWR.BD_LAC_17011, GCI=636014273",0,0,0,0,0,0,0,0,0,0,0,0,0,0,0,0,0,0,0,0,0,0,0,0,0
"LABEL=BSC_02.HW.NWR.BD_LAC_17012, GCI=636014274",0,0,0,0,0,0,0,0,0,0,0,0,0,0,0,0,0,0,0,0,0,0,0,0,0
"LABEL=BSC_03.HW.NWR.BD, GCI=636010007",0,0,0,0,0,0,0,0,0,0,0,0,0,0,0,0,0,0,0,0,0,0,0,0,0
"LABEL=BSC_03.HW.NWR.BD_LAI-1, GCI=63601426D",0,0,0,0,0,0,0,0,0,0,0,0,0,0,0,0,0,0,0,0,0,0,0,0,0
"LABEL=BSC_03.HW.NWR.BD_LAI-2, GCI=63601426F",0,0,0,0,0,0,0,0,0,0,0,0,0,0,0,0,0,0,0,0,0,0,0,0,0
"LABEL=BSC_03.HW.NWR.BD_LAI-3, GCI=63601426E",0,0,0,0,0,0,0,0,0,0,0,0,0,0,0,0,0,0,0,0,0,0,0,0,0
"LABEL=BSC_03.HW.NWR.BD-17018, GCI=63601427A",0,0,0,0,0,0,0,0,0,0,0,0,0,0,0,0,0,0,0,0,0,0,0,0,0
"LABEL=BSC_04.HW.NWR.DM, GCI=636010009",0,0,0,0,0,0,0,0,0,0,0,0,0,0,0,0,0,0,0,0,0,0,0,0,0
"LABEL=BSC_04.HW.NWR.DM_LAC_17013, GCI=636014275",0,0,0,0,0,0,0,0,0,0,0,0,0,0,0,0,0,0,0,0,0,0,0,0,0
"LABEL=BSC_04.HW.NWR.DM_LAC_17016, GCI=636014278",0,0,0,0,0,0,0,0,0,0,0,0,0,0,0,0,0,0,0,0,0,0,0,0,0
"LABEL=BSC_04.HW.NWR.DM_LAI-1, GCI=636014276",0,0,0,0,0,0,0,0,0,0,0,0,0,0,0,0,0,0,0,0,0,0,0,0,0
"LABEL=BSC_04.HW.NWR.DM_LAI-2, GCI=636014277",0,0,0,0,0,0,0,0,0,0,0,0,0,0,0,0,0,0,0,0,0,0,0,0,0
"LABEL=BSC_04.HW.NWR.DM-17019, GCI=63601427B",0,0,0,0,0,0,0,0,0,0,0,0,0,0,0,0,0,0,0,0,0,0,0,0,0
"LABEL=NON-LAI, GCI=636011207",0,0,0,0,0,0,0,0,0,0,0,0,0,0,0,0,0,0,0,0,0,0,0,0,0
121290_MSC_06.HW.MEKOLDTele.Mekele.NR,0,0,0,0,0,1,1,1,0,0,0,0,0,0,1,1,0,0,0,1,0,0,0,0,0.25
"LABEL=6360132D3, GCI=6360132D3",0,0,0,0,0,1,1,1,0,0,0,0,0,0,1,1,0,0,0,1,0,0,0,0,0.25
131197_MSC_08.HW.PIASSA.DESSIE.NER,13,12.52830189,11.67924528,11.43396226,11.37735849,12.39622642,14.62264151,16.98113208,16.39622642,16.62264151,15.67924528,15.96226415,15.69811321,15.45283019,15.60377358,14.30188679,12.77358491,12.26415094,11.64150943,17.49056604,17.77358491,19.16981132,16.75471698,14.67924528,14.67845912
"LABEL=12001, GCI=636012EE1",9,10,8,8,9,9,6,8,7,8,4,4,5,3,3,6,8,4,8,4,6,10,6,7,6.666666667
"LABEL=12002, GCI=636012EE2",11,9,8,9,9,10,10,9,11,14,15,15,11,11,7,12,13,18,11,10,11,9,10,9,10.91666667
"LABEL=12003, GCI=636012EE3",13,12,9,10,10,11,9,11,10,14,8,10,13,10,9,10,9,7,14,11,10,12,10,11,10.54166667
"LABEL=12004, GCI=636012EE4",2,1,1,0,0,1,0,0,1,1,2,2,1,3,2,2,1,1,1,0,1,0,4,3,1.25
"LABEL=12005, GCI=636012EE5",3,4,5,4,4,4,6,3,6,4,5,6,6,7,8,8,9,9,9,9,12,12,13,10,6.916666667
"LABEL=12006, GCI=636012EE6",0,0,0,0,0,0,0,0,0,0,0,0,0,0,0,0,0,0,0,0,0,0,0,0,0
"LABEL=12007, GCI=636012EE7",0,0,0,0,0,0,0,0,0,0,0,0,0,0,0,0,0,0,0,0,0,0,0,0,0
"LABEL=12008, GCI=636012EE8",0,0,0,0,0,0,0,0,0,0,0,0,0,0,0,0,0,0,0,0,0,0,0,0,0
"LABEL=12009, GCI=636012EE9",0,0,0,0,0,0,0,0,0,0,0,0,0,0,0,0,0,0,0,0,0,0,0,0,0
"LABEL=12010, GCI=636012EEA",0,0,0,0,0,0,0,0,0,0,0,0,0,0,0,0,0,0,0,0,0,0,0,0,0
"LABEL=12011, GCI=636012EEB",3,4,3,3,4,3,5,7,7,4,2,2,6,6,5,4,3,3,1,1,1,2,2,2,3.458333333
"LABEL=12012, GCI=636012EEC",2,3,2,1,1,1,2,4,7,6,6,8,7,9,10,9,8,9,10,10,10,9,8,4,6.083333333
"LABEL=12013, GCI=636012EED",8,8,9,9,8,7,8,9,10,10,11,12,12,11,11,9,8,11,6,10,8,8,7,5,8.958333333
"LABEL=131198, GCI=6360132CA",15,17,17,14,16,16,13,13,16,15,12,13,13,12,13,11,14,12,18,14,14,18,16,18,14.58333333
"LABEL=17008, GCI=636014270",15,14,16,17,15,15,18,21,20,22,20,22,22,14,16,22,24,23,20,21,22,23,22,17,19.20833333
"LABEL=171162.BSC_02.HW.NWR.BD_LAC_17011, GCI=636014271",3,3,3,3,3,3,4,5,3,3,1,1,1,3,4,6,4,3,3,4,4,4,5,4,3.333333333
"LABEL=171162.BSC_02.HW.NWR.BD_LAC_17012, GCI=636014272",0,0,0,0,0,0,2,1,1,1,2,1,2,2,3,3,2,3,2,3,3,2,2,2,1.541666667
"LABEL=171172.BSC_01.HW.NWR.GR_LAC_17002, GCI=63601426A",10,12,13,11,10,11,11,12,12,10,9,13,8,9,17,19,17,14,15,12,11,10,11,10,11.95833333
"LABEL=171172.BSC_01.HW.NWR.GR_LAC_17003, GCI=63601426B",3,3,3,3,3,2,3,3,4,6,5,7,7,10,6,3,2,2,1,3,2,2,2,3,3.666666667
"LABEL=171172.BSC_01.HW.NWR.GR_LAC_17004, GCI=63601426C",71,67,69,64,61,63,72,103,93,80,88,91,97,102,100,93,95,101,105,94,88,146,94,75,88
"LABEL=171172.BSC_01.HW.TELE.GONDER.NNWR 17020, GCI=63601427D",289,276,235,246,240,277,343,425,407,400,371,364,348,333,329,278,185,139,116,411,444,468,417,359,320.8333333
"LABEL=171172.BSC_01.HW.TELE.GONDER.NNWR 17021, GCI=63601427C",0,0,0,0,0,0,0,0,0,0,0,0,1,1,1,1,1,1,1,1,1,1,1,1,0.5
"LABEL=6360132C9, GCI=6360132C9",10,11,10,9,12,9,18,11,10,11,14,16,18,20,19,18,13,14,12,17,19,20,13,12,14
"LABEL=6360132CD, GCI=6360132CD",12,9,9,9,11,11,13,14,10,11,13,13,13,13,18,12,16,16,13,17,13,14,12,10,12.58333333
"LABEL=6360132CE, GCI=6360132CE",39,42,43,43,40,39,44,45,46,51,50,51,49,48,45,43,44,52,49,59,47,47,43,45,46
"LABEL=6360132CF, GCI=6360132CF",18,19,20,19,19,19,20,22,19,24,21,20,20,19,27,24,21,24,22,23,24,23,20,18,21.04166667
"LABEL=6360132D0, GCI=6360132D0",41,37,39,36,37,34,37,37,39,45,43,40,42,45,43,37,39,43,46,43,45,43,41,41,40.54166667
"LABEL=6360132D1, GCI=6360132D1",10,8,6,8,8,8,12,11,12,10,11,12,10,13,15,17,14,16,13,14,14,21,13,11,11.95833333
"LABEL=6360132D2, GCI=6360132D2",5,4,6,4,3,4,6,6,7,11,9,10,11,7,9,7,8,10,10,10,8,6,6,7,7.25
"LABEL=6360132D3, GCI=6360132D3",0,0,0,0,0,0,1,0,0,0,0,0,1,1,1,1,0,1,0,0,0,0,0,0,0.25
"LABEL=BSC_01.HW.AD.CNR, GCI=636013E81",17,16,14,13,14,14,12,14,18,12,11,13,13,15,12,13,16,18,15,14,19,11,13,9,14
"LABEL=BSC_01.HW.AD.CNR, GCI=636013E82",8,6,8,6,4,8,7,8,8,12,8,9,9,6,6,7,13,6,8,13,13,10,12,12,8.625
"LABEL=BSC_01.HW.AD.CNR, GCI=636013E83",6,6,5,6,5,6,9,7,7,10,7,8,8,7,9,6,6,8,5,7,7,6,5,4,6.666666667
"LABEL=BSC_01.HW.AD.CNR, GCI=636013E84",13,12,10,9,10,11,18,20,14,19,22,24,20,15,17,21,20,17,18,17,19,15,19,14,16.41666667
"LABEL=BSC_01.HW.AD.CNR, GCI=636013E85",5,6,5,5,7,10,8,8,6,11,10,8,8,8,8,5,4,9,7,7,9,7,9,5,7.291666667
"LABEL=BSC_01.HW.AD.CNR, GCI=636013E86",20,15,13,12,11,25,29,26,17,22,16,14,18,17,16,16,18,15,20,24,16,13,17,17,17.79166667
"LABEL=BSC_01.HW.NWR.GD, GCI=636010008",0,0,0,0,0,0,0,0,0,0,0,0,0,0,0,0,0,0,0,0,0,0,0,0,0
"LABEL=BSC_01.HW.NWR.GD_LAC_17001, GCI=636014269",3,4,3,3,4,3,5,4,5,4,4,5,4,7,5,7,4,7,7,9,8,10,9,9,5.541666667
"LABEL=BSC_01.HW.NWR.GD-17017, GCI=636014279",2,2,2,1,3,2,2,1,1,1,2,2,0,3,1,0,4,2,1,0,0,0,1,0,1.375
"LABEL=BSC_02.HW.NWR.BD_LAC_17011, GCI=636014273",1,1,1,1,0,0,3,2,4,2,2,2,3,4,5,6,4,3,2,4,4,3,2,2,2.541666667
"LABEL=BSC_02.HW.NWR.BD_LAC_17012, GCI=636014274",2,2,3,1,2,2,1,3,3,2,2,1,1,1,2,2,2,1,4,3,3,2,1,1,1.958333333
"LABEL=BSC_03.HW.NWR.BD, GCI=636010007",0,0,0,0,0,0,0,0,0,0,0,0,0,0,0,0,0,0,0,0,0,0,0,0,0
"LABEL=BSC_03.HW.NWR.BD_LAI-1, GCI=63601426D",2,2,2,1,1,1,1,1,3,3,3,3,2,1,1,4,4,3,2,2,3,2,2,2,2.125
"LABEL=BSC_03.HW.NWR.BD_LAI-2, GCI=63601426F",0,0,0,0,0,0,0,1,1,2,1,2,1,1,1,1,1,2,2,2,2,2,0,0,0.916666667
"LABEL=BSC_03.HW.NWR.BD_LAI-3, GCI=63601426E",5,5,5,5,5,5,6,6,7,5,7,6,7,6,8,7,7,6,6,6,7,7,6,7,6.125
"LABEL=BSC_03.HW.NWR.BD-17018, GCI=63601427A",1,1,1,1,1,1,2,2,3,1,1,1,1,1,1,1,1,1,1,1,1,1,1,1,1.166666667
"LABEL=BSC_04.HW.NWR.DM, GCI=636010009",0,0,0,0,0,0,0,0,0,0,0,0,0,0,0,0,0,0,0,0,0,0,0,0,0
"LABEL=BSC_04.HW.NWR.DM_LAC_17013, GCI=636014275",6,8,7,7,8,6,3,8,7,7,4,6,6,7,6,1,8,7,5,7,5,8,6,4,6.125
"LABEL=BSC_04.HW.NWR.DM_LAC_17016, GCI=636014278",1,0,1,0,0,0,0,0,0,0,0,1,0,0,0,0,0,0,0,2,1,3,3,2,0.583333333
"LABEL=BSC_04.HW.NWR.DM_LAI-1, GCI=636014276",1,1,1,1,1,1,1,4,4,3,3,4,3,3,2,2,2,2,2,2,3,2,2,2,2.166666667
"LABEL=BSC_04.HW.NWR.DM_LAI-2, GCI=636014277",3,3,3,3,3,4,4,3,1,1,3,1,2,2,3,2,2,4,2,1,1,1,1,1,2.25
"LABEL=BSC_04.HW.NWR.DM-17019, GCI=63601427B",1,1,1,1,1,1,1,2,2,3,3,3,2,3,3,2,3,3,4,5,3,3,1,2,2.25
"LABEL=NON-BROAD-DS, GCI=636011208",0,0,0,0,0,0,0,0,0,0,0,0,0,0,0,0,0,0,0,0,0,0,0,0,0
141182_MSC_10.HW.Keziratel.DIREDAWA.ER,141.5208333,125.75,116.9791667,110.2083333,105.7083333,117.7916667,148.8125,168.7916667,183.875,187.625,191.1666667,188.0208333,184.5416667,183.25,184.125,187.9791667,200.1875,208.4791667,216.6875,219.125,215.4791667,203.1875,184.9166667,163.2291667,172.3932292
"LABEL=14003_LAI, GCI=6360136B3",9,10,8,8,6,9,11,6,8,9,10,12,13,10,10,11,13,10,12,14,16,12,14,15,10.66666667
"LABEL=14004_LAI, GCI=6360136B4",10,9,9,9,9,7,6,12,14,8,8,10,9,10,6,10,10,13,15,13,11,14,13,4,9.958333333
"LABEL=15003, GCI=636013A9B",20,18,18,20,18,19,18,18,25,22,28,29,24,22,26,24,25,28,25,26,24,21,19,20,22.375
"LABEL=BSC.01_DD, GCI=6360136BB",17,19,17,16,14,16,20,26,26,21,18,20,22,13,18,21,20,20,25,14,17,17,18,15,18.75
"LABEL=BSC.01_DD, GCI=6360136BC",35,31,27,28,27,30,33,30,27,29,31,28,27,35,33,37,32,34,36,30,38,35,39,40,32.16666667
"LABEL=BSC.01_DD, GCI=6360136BD",10,5,5,8,6,8,10,8,12,13,14,10,11,10,13,16,17,16,13,14,16,11,11,8,11.04166667
"LABEL=BSC219.HW.TB.AA_G1, GCI=636012AF9",0,0,0,0,0,0,0,0,0,0,0,0,0,0,0,0,0,0,0,0,0,0,0,0,0
"LABEL=DD, GCI=63601082F",0,0,0,0,0,0,0,0,0,0,0,0,0,0,0,0,0,0,0,0,0,0,0,0,0
"LABEL=DD, GCI=636010830",0,0,0,0,0,0,0,0,0,0,0,0,0,0,0,0,0,0,0,0,0,0,0,0,0
"LABEL=DD, GCI=636012718",0,0,0,0,0,0,0,0,0,0,0,0,0,0,0,0,0,0,0,0,0,0,0,0,0
"LABEL=DD, GCI=6360136B1",40,39,37,36,35,40,41,44,47,50,55,56,59,56,54,49,57,54,50,51,53,53,58,54,48.66666667
"LABEL=DD, GCI=6360136B8",65,68,67,61,62,57,57,64,65,59,59,61,60,60,71,72,75,62,67,73,71,68,75,67,65.25
"LABEL=DD, GCI=6360136BA",153,147,139,133,129,136,146,174,171,174,177,177,186,189,186,182,175,175,189,192,186,178,168,156,167.4166667
"LABEL=DD, GCI=636013A99",9,6,6,6,7,9,8,10,16,12,11,10,13,15,13,14,16,18,20,11,13,24,23,16,12.75
"LABEL=DD, GCI=636013A9A",119,118,118,113,108,117,127,133,140,132,133,133,134,127,132,144,150,147,150,146,131,127,129,113,130.0416667
"LABEL=DD, GCI=636013CBA",0,0,0,0,0,0,0,0,0,0,0,0,0,0,0,0,0,0,0,0,0,0,0,0,0
"LABEL=DD, GCI=636014E2B",0,0,0,0,0,0,0,0,0,0,0,0,0,0,0,0,0,0,0,0,0,0,0,0,0
"LABEL=DD, GCI=636014E2C",0,0,0,0,0,0,0,0,0,0,0,0,0,0,0,0,0,0,0,0,0,0,0,0,0
"LABEL=DD, GCI=636014E2D",0,0,0,0,0,0,0,0,0,0,0,0,0,0,0,0,0,0,0,0,0,0,0,0,0
"LABEL=DD, GCI=636014E31",0,0,0,0,0,0,0,0,0,0,0,0,0,0,0,0,0,0,0,0,0,0,0,0,0
"LABEL=DD, GCI=636014E3B",0,0,0,0,0,0,0,0,0,0,0,0,0,0,0,0,0,0,0,0,0,0,0,0,0
"LABEL=DD, GCI=636014E42",0,0,0,0,0,0,0,0,0,0,0,0,0,0,0,0,0,0,0,0,0,0,0,0,0
"LABEL=DD, GCI=636014E43",0,0,0,0,0,0,0,0,0,0,0,0,0,0,0,0,0,0,0,0,0,0,0,0,0
"LABEL=DD, GCI=636014E4C",0,0,0,0,0,0,0,0,0,0,0,0,0,0,0,0,0,0,0,0,0,0,0,0,0
"LABEL=DD, GCI=636014E4D",0,0,0,0,0,0,0,0,0,0,0,0,0,0,0,0,0,0,0,0,0,0,0,0,0
"LABEL=DD, GCI=636014E50",0,0,0,0,0,0,0,0,0,0,0,0,0,0,0,0,0,0,0,0,0,0,0,0,0
"LABEL=DD, GCI=636014E59",0,0,0,0,0,0,0,0,0,0,0,0,0,0,0,0,0,0,0,0,0,0,0,0,0
"LABEL=DD, GCI=636014E62",0,0,0,0,0,0,0,0,0,0,0,0,0,0,0,0,0,0,0,0,0,0,0,0,0
"LABEL=DD, GCI=636014E63",0,0,0,0,0,0,0,0,0,0,0,0,0,0,0,0,0,0,0,0,0,0,0,0,0
"LABEL=DD, GCI=636014E68",0,0,0,0,0,0,0,0,0,0,0,0,0,0,0,0,0,0,0,0,0,0,0,0,0
"LABEL=ER_BSC01_LAC_14005, GCI=6360136B5",4,3,3,4,5,4,3,3,4,5,5,7,5,6,6,7,7,9,6,9,7,6,6,6,5.416666667
"LABEL=ER_BSC01_LAC_14017, GCI=6360136C1",16,14,20,19,15,12,12,13,15,16,18,15,15,14,11,12,11,12,16,17,21,21,18,15,15.33333333
"LABEL=ER_BSC02_LAC_14006, GCI=6360136B6",14,14,13,12,11,11,16,16,11,19,18,16,15,18,15,21,15,12,15,19,15,15,12,11,14.75
"LABEL=ER_BSC02_LAC_14014, GCI=6360136BE",8,8,8,8,7,5,7,3,4,7,8,9,7,10,13,15,12,17,16,17,16,17,13,12,10.29166667
"LABEL=ER_BSC02_LAC_14015, GCI=6360136BF",4,4,5,5,5,4,4,9,6,4,5,4,10,12,14,7,13,10,9,6,6,8,9,11,7.25
"LABEL=ER_BSC02_LAC_14016, GCI=6360136C0",7,9,9,8,8,9,11,9,10,9,10,8,7,13,11,9,6,17,11,10,13,15,11,11,10.04166667
"LABEL=ER_BSC2, GCI=6360136B7",21,16,15,14,15,15,11,20,25,20,19,22,23,21,18,18,26,23,29,26,19,16,24,21,19.875
"LABEL=JIJIGA, GCI=636013AA3",282,257,244,233,232,247,289,315,320,320,313,313,315,308,308,310,322,347,348,355,352,337,305,307,303.2916667
"LABEL=JIJIGA, GCI=636013AA4",105,90,84,84,82,93,119,132,140,139,134,126,112,115,113,119,118,116,110,128,124,125,115,103,113.5833333
"LABEL=JIJIGA, GCI=636013AA5",212,207,190,188,179,185,201,220,253,265,301,292,283,286,293,280,278,271,272,254,252,235,228,213,243.25
"LABEL=JIJIGA, GCI=636013AA6",657,606,579,545,532,564,618,662,733,753,769,756,758,791,812,811,843,823,841,848,856,793,740,667,723.2083333
"LABEL=LAC_15005, GCI=636013A9D",626,617,596,594,584,586,602,655,679,709,754,760,733,723,766,748,777,778,802,815,782,739,710,735,702.9166667
"LABEL=NON_BROADCAST_DD, GCI=636011210",0,0,0,0,0,0,0,0,0,0,0,0,0,0,0,0,0,0,0,0,0,0,0,0,0
"LABEL=SOMALI_BSC.02, GCI=636013A9F",113,112,105,99,99,108,114,133,122,124,121,113,108,123,119,116,101,107,111,130,125,136,109,105,114.7083333
"LABEL=SOMALI_BSC.02, GCI=636013AA0",120,122,121,126,121,128,134,147,158,157,151,158,157,163,161,167,166,159,159,161,155,165,158,151,148.5416667
"LABEL=SOMALI_BSC_LAI, GCI=636013A9C",1075,921,816,692,643,770,1227,1525,1745,1841,1837,1830,1767,1745,1739,1795,1979,2130,2227,2214,2117,1917,1684,1347,1565.958333
"LABEL=SOMALI_BSC_LAI3, GCI=636013AA1",25,26,23,24,26,27,24,24,30,25,27,26,22,27,28,26,23,21,28,32,30,27,21,19,25.45833333
"LABEL=SOMALI_BSC_LAI4, GCI=636013AA2",3017,2540,2333,2197,2089,2438,3274,3691,4020,4064,4142,4024,3963,3874,3849,3982,4322,4578,4799,4893,4877,4621,4146,3593,3721.916667
141182_MSC_11.HW.Keziratel.DIREDAWA.ER,211.0625,185.75,170.71875,159.65625,156.375,176.5,223.03125,252.25,273.6875,285.53125,291.5,286.46875,280.78125,275.5625,274.125,280.90625,297.28125,311.5,322.78125,326.625,320.90625,305.6875,279.75,248.03125,258.1861979
"LABEL=14003_LAI, GCI=6360136B3",11,9,11,10,9,8,10,10,10,14,18,14,15,14,13,11,10,13,14,19,16,21,21,17,13.25
"LABEL=14004_LAI, GCI=6360136B4",2,2,1,1,1,4,4,7,8,7,4,4,4,4,4,6,7,7,7,10,10,10,8,11,5.541666667
"LABEL=15003, GCI=636013A9B",23,23,22,23,23,24,24,23,27,28,29,31,32,28,28,28,31,32,33,31,28,28,26,28,27.20833333
"LABEL=BSC.01_DD, GCI=6360136BB",13,15,14,12,12,11,15,14,10,12,17,14,11,12,13,15,15,15,12,7,15,12,8,10,12.66666667
"LABEL=BSC.01_DD, GCI=6360136BC",31,31,29,22,26,25,26,22,24,23,25,29,28,26,26,37,30,33,37,27,32,30,34,31,28.5
"LABEL=BSC.01_DD, GCI=6360136BD",6,7,4,6,5,8,9,12,16,14,15,21,16,16,15,21,20,21,15,17,13,17,11,12,13.20833333
"LABEL=DD, GCI=6360136B1",44,44,42,40,42,46,39,41,36,41,46,45,44,41,42,42,45,47,45,47,51,48,49,41,43.66666667
"LABEL=DD, GCI=6360136B2",9,10,9,8,8,11,10,9,15,13,13,19,19,17,11,10,12,10,14,17,13,12,14,13,12.33333333
"LABEL=DD, GCI=6360136B8",60,57,48,44,48,42,45,50,53,58,59,54,56,49,63,53,43,58,53,58,64,56,53,50,53.08333333
"LABEL=DD, GCI=6360136BA",148,134,140,118,113,120,148,163,162,179,188,186,183,195,187,183,186,193,196,216,203,207,195,193,172.3333333
"LABEL=DD, GCI=636013A99",16,14,14,13,14,13,14,16,21,21,23,21,18,18,17,21,21,27,25,28,28,25,23,21,19.66666667
"LABEL=DD, GCI=636013A9A",113,105,103,103,104,119,128,130,132,145,148,143,148,143,139,136,137,134,136,141,138,141,135,121,130.0833333
"LABEL=ER_BSC01_LAC_14005, GCI=6360136B5",12,11,8,7,6,7,8,8,9,7,12,14,10,7,10,10,10,11,13,12,11,14,10,12,9.958333333
"LABEL=ER_BSC01_LAC_14017, GCI=6360136C1",17,19,18,16,11,12,12,10,12,12,12,14,14,14,17,12,11,11,11,16,17,18,19,20,14.375
"LABEL=ER_BSC02_LAC_14006, GCI=6360136B6",11,10,10,9,12,8,12,12,11,12,13,14,18,13,13,15,14,10,13,17,15,13,13,15,12.625
"LABEL=ER_BSC02_LAC_14014, GCI=6360136BE",9,8,10,8,8,9,10,11,8,9,10,10,12,9,10,12,11,11,12,16,18,22,20,17,11.66666667
"LABEL=ER_BSC02_LAC_14015, GCI=6360136BF",14,12,11,10,8,10,8,6,7,5,8,8,6,10,10,11,7,11,11,11,11,12,11,8,9.416666667
"LABEL=ER_BSC02_LAC_14016, GCI=6360136C0",12,11,11,10,11,16,15,17,13,17,14,16,12,10,7,12,11,11,16,7,11,14,12,11,12.375
"LABEL=ER_BSC2, GCI=6360136B7",14,10,8,11,14,16,16,12,16,16,21,14,11,16,12,12,17,18,18,16,17,11,13,13,14.25
"LABEL=JIJIGA, GCI=636013AA3",272,251,225,213,212,247,272,291,302,313,314,313,310,308,310,311,333,363,358,355,360,368,328,327,302.3333333
"LABEL=JIJIGA, GCI=636013AA4",106,94,92,90,92,98,132,136,149,147,143,119,118,120,110,113,117,115,122,134,130,122,116,105,117.5
"LABEL=JIJIGA, GCI=636013AA5",237,225,211,181,175,191,204,223,245,263,275,304,301,296,285,275,289,278,262,264,240,241,263,242,248.75
"LABEL=JIJIGA, GCI=636013AA6",660,622,567,534,526,571,590,685,716,770,788,791,787,788,785,805,807,829,864,873,879,838,776,705,731.5
"LABEL=LAC_15005, GCI=636013A9D",618,596,583,585,592,608,624,668,692,757,777,784,753,756,760,749,764,795,793,856,792,740,690,707,709.9583333
"LABEL=MSC16, GCI=6360103E9",0,0,0,0,0,0,0,0,0,0,0,0,0,0,0,0,0,0,0,0,0,0,0,0,0
"LABEL=NON_BROADCAST_DD, GCI=636011211",0,0,0,0,0,0,0,0,0,0,0,0,0,0,0,0,0,0,0,0,0,0,0,0,0
"LABEL=SOMALI_BSC.02, GCI=636013A00",0,0,0,0,0,0,0,0,0,0,0,0,0,0,0,0,0,0,0,0,0,0,0,0,0
"LABEL=SOMALI_BSC.02, GCI=636013A9F",105,95,90,88,87,82,95,120,129,126,132,122,114,123,117,109,110,116,133,130,125,126,119,112,112.7083333
"LABEL=SOMALI_BSC.02, GCI=636013AA0",170,150,147,144,151,151,168,166,183,188,189,180,183,181,186,176,167,167,164,167,172,169,157,148,167.6666667
"LABEL=SOMALI_BSC_LAI, GCI=636013A9C",1121,926,803,701,664,809,1230,1526,1749,1832,1818,1797,1781,1718,1716,1790,1979,2101,2212,2172,2072,1899,1666,1371,1560.541667
"LABEL=SOMALI_BSC_LAI3, GCI=636013AA1",26,23,20,19,19,18,24,24,21,21,24,23,22,26,24,23,24,21,22,27,27,24,23,22,22.79166667
"LABEL=SOMALI_BSC_LAI4, GCI=636013AA2",2874,2430,2212,2083,2011,2364,3245,3660,3982,4087,4193,4063,3959,3860,3842,3991,4285,4510,4718,4761,4761,4544,4139,3554,3672
151096_MSC_12.HW.JIGJIGATELE.JIGJIGA.EER,217.0645161,194.2580645,183.1612903,171.3870968,166.0967742,185,233.7096774,264.3870968,287.2580645,295.7419355,299.4193548,295.3225806,288.4193548,282.0967742,283.8709677,294.516129,311.4193548,327.5483871,338.8387097,339,332.6774194,317.7096774,292.6129032,260.5806452,269.2540323
"LABEL=14003_LAI, GCI=6360136B3",10,11,12,11,10,8,9,10,9,6,6,6,4,5,5,5,4,5,5,8,10,8,8,8,7.625
"LABEL=14004_LAI, GCI=6360136B4",9,6,7,4,4,4,9,9,5,8,7,8,9,8,7,7,8,7,9,14,13,10,10,12,8.083333333
"LABEL=15003, GCI=636013A9B",22,19,18,17,14,16,21,27,29,25,26,23,24,25,23,24,26,26,30,32,27,28,26,25,23.875
"LABEL=BSC.01_DD, GCI=6360136BB",15,18,14,13,17,16,11,13,16,17,19,17,15,18,20,19,16,16,11,15,17,20,19,17,16.20833333
"LABEL=BSC.01_DD, GCI=6360136BC",28,26,31,27,26,33,38,25,31,26,26,29,23,31,34,23,31,32,33,30,32,29,31,35,29.58333333
"LABEL=BSC.01_DD, GCI=6360136BD",13,11,12,9,9,14,17,15,19,16,16,16,17,14,12,11,13,23,12,14,15,12,9,8,13.625
"LABEL=DD, GCI=6360136B1",45,46,45,45,43,44,44,44,45,53,46,56,58,61,53,50,53,47,54,56,50,53,52,50,49.70833333
"LABEL=DD, GCI=6360136B2",15,14,12,11,12,13,17,15,15,15,24,19,19,15,22,17,17,20,17,23,21,20,21,21,17.29166667
"LABEL=DD, GCI=6360136B8",50,50,53,52,54,54,56,63,62,68,61,55,54,58,51,58,68,62,68,66,71,60,57,58,58.70833333
"LABEL=DD, GCI=6360136BA",146,149,148,129,121,126,130,138,169,163,167,164,174,173,174,162,165,157,162,155,149,147,156,146,152.9166667
"LABEL=DD, GCI=636013A99",7,7,6,6,7,5,8,16,10,9,10,10,12,15,9,12,13,18,12,11,10,17,14,8,10.5
"LABEL=DD, GCI=636013A9A",115,109,102,104,104,104,113,118,123,117,119,118,119,129,123,117,122,121,125,129,143,135,121,112,118.4166667
"LABEL=ER_BSC01_LAC_14005, GCI=6360136B5",5,6,6,4,4,3,6,7,7,8,8,6,4,4,5,6,11,10,9,7,9,9,9,5,6.583333333
"LABEL=ER_BSC01_LAC_14017, GCI=6360136C1",12,14,13,13,11,13,16,11,9,9,10,9,10,5,6,11,9,11,12,14,16,19,18,15,11.91666667
"LABEL=ER_BSC02_LAC_14006, GCI=6360136B6",12,11,8,7,8,10,11,15,13,18,12,12,20,17,19,22,21,15,19,17,17,16,13,13,14.41666667
"LABEL=ER_BSC02_LAC_14014, GCI=6360136BE",8,9,7,7,5,6,5,9,7,9,7,10,8,9,10,10,14,13,11,16,16,15,8,11,9.583333333
"LABEL=ER_BSC02_LAC_14015, GCI=6360136BF",5,6,8,6,5,8,7,5,7,6,7,8,10,9,9,11,11,13,18,14,9,6,4,4,8.166666667
"LABEL=ER_BSC02_LAC_14016, GCI=6360136C0",9,8,8,10,8,11,9,7,8,10,12,12,8,12,12,13,12,13,17,9,15,11,15,14,10.95833333
"LABEL=ER_BSC2, GCI=6360136B7",20,21,18,20,17,15,22,19,21,22,21,19,25,19,23,21,21,18,23,25,28,32,22,19,21.29166667
"LABEL=JIJIGA, GCI=636013AA3",286,266,243,233,223,256,290,327,332,320,317,323,313,315,325,332,333,350,373,380,379,349,324,298,311.9583333
"LABEL=JIJIGA, GCI=636013AA4",96,94,90,83,78,87,124,125,129,128,131,123,106,104,100,104,110,118,123,133,141,132,127,119,112.7083333
"LABEL=JIJIGA, GCI=636013AA5",244,231,208,194,191,188,215,239,244,276,283,299,281,273,263,280,278,277,270,250,249,255,237,226,247.9583333
"LABEL=JIJIGA, GCI=636013AA6",638,612,583,548,542,571,643,720,754,762,783,794,778,763,774,790,832,857,864,857,851,834,791,720,735.875
"LABEL=LAC_15005, GCI=636013A9D",633,615,613,595,605,608,622,668,709,754,761,765,755,730,758,775,796,796,796,825,767,770,732,705,714.7083333
"LABEL=NON_BROADCAST_JJ, GCI=636011212",0,0,0,0,0,0,0,0,0,0,0,0,0,0,0,0,0,0,0,0,0,0,0,0,0
"LABEL=SOMALI_BSC.02, GCI=636013A00",0,0,0,0,0,0,0,0,0,0,0,0,0,0,0,0,0,0,0,0,0,0,0,0,0
"LABEL=SOMALI_BSC.02, GCI=636013A9F",127,119,116,116,113,120,110,122,129,135,114,109,116,118,116,102,103,134,121,132,144,146,145,146,123.0416667
"LABEL=SOMALI_BSC.02, GCI=636013AA0",162,164,157,151,158,169,173,188,188,183,183,178,173,171,181,185,189,186,185,183,179,175,168,170,174.9583333
"LABEL=SOMALI_BSC_LAI, GCI=636013A9C",1091,923,835,744,719,878,1285,1567,1826,1937,1927,1906,1824,1780,1804,1917,2049,2216,2294,2227,2131,1973,1682,1389,1621.833333
"LABEL=SOMALI_BSC_LAI3, GCI=636013AA1",20,19,19,16,14,16,19,19,22,28,28,25,24,22,22,25,21,21,25,30,28,24,25,23,22.29166667
"LABEL=SOMALI_BSC_LAI4, GCI=636013AA2",2886,2438,2286,2138,2027,2339,3215,3655,3967,4040,4151,4036,3958,3842,3840,4021,4308,4572,4806,4837,4776,4544,4227,3701,3692.083333
171162_MSC_04.HW.Tele.Bahirdar.NWR,12.12962963,10.92592593,10.57407407,10.09259259,10.2037037,11.07407407,12.48148148,14.2962963,15.40740741,15.38888889,14.92592593,15.35185185,14.98148148,14.44444444,14.46296296,13.37037037,11.55555556,11.22222222,11.37037037,16.7962963,17.31481481,18.77777778,15.62962963,14.22222222,13.625
"LABEL=12001, GCI=636012EE1",6,5,5,5,5,8,8,10,7,5,6,6,5,7,9,9,8,9,11,10,9,10,11,11,7.708333333
"LABEL=12002, GCI=636012EE2",8,8,10,10,10,10,12,10,10,13,16,13,16,15,15,15,16,17,16,18,16,16,13,10,13.04166667
"LABEL=12003, GCI=636012EE3",9,11,9,7,7,5,7,12,11,12,13,12,14,15,10,10,11,14,12,10,10,11,11,9,10.5
"LABEL=12004, GCI=636012EE4",3,2,2,2,3,3,2,4,3,3,2,1,1,3,1,3,1,2,2,1,2,1,1,1,2.041666667
"LABEL=12005, GCI=636012EE5",4,3,4,4,3,4,5,4,2,3,4,1,6,3,3,4,2,2,3,6,2,3,4,2,3.375
"LABEL=12006, GCI=636012EE6",0,0,0,0,0,0,0,0,0,0,0,0,0,0,0,0,0,0,0,0,0,0,0,0,0
"LABEL=12007, GCI=636012EE7",0,0,0,0,0,0,0,0,0,0,0,0,0,0,0,0,0,0,0,0,0,0,0,0,0
"LABEL=12008, GCI=636012EE8",0,0,0,0,0,0,0,0,0,0,0,0,0,0,0,0,0,0,0,0,0,0,0,0,0
"LABEL=12009, GCI=636012EE9",0,0,0,0,0,0,0,0,0,0,0,0,0,0,0,0,0,0,0,0,0,0,0,0,0
"LABEL=12010, GCI=636012EEA",0,0,0,0,0,0,0,0,0,0,0,0,0,0,0,0,0,0,0,0,0,0,0,0,0
"LABEL=12011, GCI=636012EEB",2,2,2,2,2,4,4,4,7,8,5,6,4,4,3,3,2,7,7,5,4,3,3,3,4
"LABEL=12012, GCI=636012EEC",8,7,6,7,7,6,8,7,10,10,10,8,8,8,10,12,11,9,12,14,15,15,11,11,9.583333333
"LABEL=12013, GCI=636012EED",9,8,7,7,8,6,9,12,12,12,10,14,12,11,8,8,9,9,13,13,15,16,17,15,10.83333333
"LABEL=13002, GCI=6360132CA",9,10,10,12,9,10,11,11,11,10,14,12,11,15,13,13,15,12,11,11,13,13,8,10,11.41666667
"LABEL=17008, GCI=636014270",10,9,12,8,7,11,14,17,17,18,16,17,11,13,12,15,12,11,11,16,12,21,13,14,13.20833333
"LABEL=171162.BSC_02.HW.NWR.BD_LAC_17011, GCI=636014271",1,1,0,0,0,0,0,1,0,2,3,5,4,2,2,3,3,1,1,1,1,2,0,1,1.416666667
"LABEL=171162.BSC_02.HW.NWR.BD_LAC_17012, GCI=636014272",5,3,3,4,3,3,4,1,1,2,1,1,2,0,1,2,1,2,2,0,1,1,1,1,1.875
"LABEL=171172.BSC_01.HW.NWR.GR_LAC_17002, GCI=63601426A",8,10,10,7,8,10,9,7,8,11,8,6,8,10,15,16,16,14,13,14,11,16,16,10,10.875
"LABEL=171172.BSC_01.HW.NWR.GR_LAC_17003, GCI=63601426B",0,0,0,0,0,0,1,0,1,2,1,1,2,2,4,2,2,3,3,0,0,0,0,0,1
"LABEL=171172.BSC_01.HW.NWR.GR_LAC_17004, GCI=63601426C",76,76,69,69,63,66,65,87,87,66,78,101,103,93,81,75,76,82,89,86,82,159,109,84,84.25
"LABEL=171172.BSC_01.HW.TELE.GONDER.NNWR 17020, GCI=63601427D",269,225,212,210,219,242,285,345,396,392,368,361,352,322,329,244,159,135,131,410,443,454,370,343,300.6666667
"LABEL=171172.BSC_01.HW.TELE.GONDER.NNWR 17021, GCI=63601427C",0,0,0,0,0,0,1,1,0,1,2,2,1,1,1,1,1,1,1,1,1,1,1,1,0.791666667
"LABEL=6360132C9, GCI=6360132C9",18,15,13,12,14,13,17,10,9,15,14,19,12,17,19,20,13,15,19,20,23,27,22,25,16.70833333
"LABEL=6360132CD, GCI=6360132CD",12,12,13,13,13,11,8,9,14,12,13,8,8,12,11,11,11,10,8,10,13,8,11,11,10.91666667
"LABEL=6360132CE, GCI=6360132CE",32,33,36,34,35,36,41,42,48,48,46,44,45,53,54,65,54,53,52,54,53,46,48,49,45.875
"LABEL=6360132CF, GCI=6360132CF",12,12,10,9,9,14,13,11,12,18,18,18,15,13,17,22,23,28,28,24,23,22,18,16,16.875
"LABEL=6360132D0, GCI=6360132D0",23,21,22,21,24,19,22,24,23,30,24,27,24,23,30,26,29,30,26,31,29,29,25,19,25.04166667
"LABEL=6360132D1, GCI=6360132D1",19,14,16,13,12,11,11,14,15,13,10,13,11,11,11,14,13,13,13,12,13,10,10,9,12.54166667
"LABEL=6360132D2, GCI=6360132D2",11,12,10,8,10,9,10,14,16,14,18,15,16,13,14,14,16,11,15,16,14,14,13,13,13.16666667
"LABEL=6360132D3, GCI=6360132D3",1,1,1,1,1,1,1,0,0,0,0,1,1,0,0,0,0,0,0,1,0,1,1,1,0.541666667
"LABEL=BSC_01.HW.AD.CNR, GCI=636013E81",9,9,9,9,8,11,15,16,15,12,10,7,5,6,7,10,10,11,12,13,16,12,11,12,10.625
"LABEL=BSC_01.HW.AD.CNR, GCI=636013E82",9,7,10,7,5,5,7,7,8,6,9,7,8,9,10,6,8,9,7,7,7,5,8,4,7.291666667
"LABEL=BSC_01.HW.AD.CNR, GCI=636013E83",10,10,9,7,6,5,8,8,10,10,8,10,13,11,14,12,13,12,11,12,11,11,8,8,9.875
"LABEL=BSC_01.HW.AD.CNR, GCI=636013E84",16,12,13,12,13,16,15,20,19,17,13,17,16,18,20,19,16,16,15,19,19,18,18,16,16.375
"LABEL=BSC_01.HW.AD.CNR, GCI=636013E85",7,5,5,4,4,4,5,7,7,8,7,11,5,5,3,7,6,8,9,12,14,9,9,6,6.958333333
"LABEL=BSC_01.HW.AD.CNR, GCI=636013E86",24,21,17,15,18,30,28,24,18,20,20,24,27,23,19,21,22,18,22,19,21,15,17,18,20.875
"LABEL=BSC_01.HW.NWR.GD, GCI=636010008",0,0,0,0,0,0,0,0,0,0,0,0,0,0,0,0,0,0,0,0,0,0,0,0,0
"LABEL=BSC_01.HW.NWR.GD_LAC_17001, GCI=636014269",2,2,3,3,2,3,4,5,5,5,6,7,7,8,8,7,5,6,6,5,5,6,5,5,5
"LABEL=BSC_01.HW.NWR.GD-17017, GCI=636014279",1,1,2,2,1,2,1,1,2,3,1,2,3,3,2,2,5,3,1,2,2,2,1,3,2
"LABEL=BSC_02.HW.NWR.BD, GCI=636010006",0,0,0,0,0,0,0,0,0,0,0,0,0,0,0,0,0,0,0,0,0,0,0,0,0
"LABEL=BSC_02.HW.NWR.BD_LAC_17011, GCI=636014273",0,0,0,0,0,0,0,0,1,0,0,0,0,0,1,1,1,0,1,2,3,2,1,1,0.583333333
"LABEL=BSC_02.HW.NWR.BD_LAC_17012, GCI=636014274",1,1,0,0,0,0,0,0,0,0,0,0,1,1,1,0,0,0,0,2,3,3,0,0,0.541666667
"LABEL=BSC_03.HW.NWR.BD, GCI=636010007",0,0,0,0,0,0,0,0,0,0,0,0,0,0,0,0,0,0,0,0,0,0,0,0,0
"LABEL=BSC_03.HW.NWR.BD_LAI-1, GCI=63601426D",2,3,3,3,4,2,2,4,2,2,4,5,6,7,6,6,4,4,4,3,2,2,2,2,3.5
"LABEL=BSC_03.HW.NWR.BD_LAI-2, GCI=63601426F",1,1,1,1,1,1,2,4,3,5,5,5,4,4,2,2,3,4,2,2,2,1,1,2,2.458333333
"LABEL=BSC_03.HW.NWR.BD_LAI-3, GCI=63601426E",3,3,4,4,4,4,4,3,3,3,4,4,4,5,3,3,5,4,4,5,4,4,3,3,3.75
"LABEL=BSC_03.HW.NWR.BD-17018, GCI=63601427A",3,3,2,1,1,1,2,1,0,0,1,1,0,1,0,0,0,0,0,1,1,1,1,1,0.916666667
"LABEL=BSC_04.HW.NWR.DM, GCI=636010009",0,0,0,0,0,0,0,0,0,0,0,0,0,0,0,0,0,0,0,0,0,0,0,0,0
"LABEL=BSC_04.HW.NWR.DM_LAC_17013, GCI=636014275",7,7,6,6,6,7,7,6,10,7,8,8,11,5,5,9,13,11,11,8,9,11,10,8,8.166666667
"LABEL=BSC_04.HW.NWR.DM_LAC_17016, GCI=636014278",0,0,0,1,0,0,0,0,1,1,2,1,1,0,0,1,1,2,2,0,0,1,1,0,0.625
"LABEL=BSC_04.HW.NWR.DM_LAI-1, GCI=636014276",3,3,3,3,3,2,2,4,3,4,2,2,2,2,4,4,4,4,5,6,6,7,5,5,3.666666667
"LABEL=BSC_04.HW.NWR.DM_LAI-2, GCI=636014277",2,2,2,2,3,3,4,5,5,5,4,4,4,5,2,2,3,3,2,3,3,3,4,3,3.25
"LABEL=BSC_04.HW.NWR.DM-17019, GCI=63601427B",0,0,0,0,0,0,0,0,0,3,2,2,0,1,1,3,1,1,1,2,2,2,2,2,1.041666667
"LABEL=NON-BROAD-BD, GCI=636011204",0,0,0,0,0,0,0,0,0,0,0,0,0,0,0,0,0,0,0,0,0,0,0,0,0
171172_MSC_05.HW.Tele_GDCty.GD.NNWR,13.57692308,12.63461538,11.90384615,11.71153846,11.82692308,12.46153846,13.67307692,15.59615385,16.53846154,16.01923077,15.94230769,15.96153846,15.94230769,15.71153846,16.17307692,14.73076923,13.5,12.38461538,12.32692308,18.42307692,19.80769231,19.88461538,17.17307692,15.42307692,14.97195513
"LABEL=12001, GCI=636012EE1",9,7,8,7,6,6,7,6,9,5,8,7,6,4,6,7,8,9,9,7,6,10,9,8,7.25
"LABEL=12002, GCI=636012EE2",3,3,3,2,2,2,4,9,13,11,11,9,11,12,15,14,13,10,12,8,10,8,11,10,8.583333333
"LABEL=12003, GCI=636012EE3",9,7,7,9,8,10,9,11,7,9,13,12,13,12,12,12,13,13,14,16,17,13,16,13,11.45833333
"LABEL=12004, GCI=636012EE4",2,2,2,1,2,2,0,1,2,0,2,2,1,0,1,1,3,1,0,1,2,2,0,0,1.25
"LABEL=12005, GCI=636012EE5",5,5,3,3,2,3,3,2,5,6,4,3,5,4,3,3,2,3,2,8,4,4,2,1,3.541666667
"LABEL=12006, GCI=636012EE6",0,0,0,0,0,0,0,0,0,0,0,0,0,0,0,0,0,0,0,0,0,0,0,0,0
"LABEL=12007, GCI=636012EE7",0,0,0,0,0,0,0,0,0,0,0,0,0,0,0,0,0,0,0,0,0,0,0,0,0
"LABEL=12008, GCI=636012EE8",0,0,0,0,0,0,0,0,0,0,0,0,0,0,0,0,0,0,0,0,0,0,0,0,0
"LABEL=12009, GCI=636012EE9",0,0,0,0,0,0,0,0,0,0,0,0,0,0,0,0,0,0,0,0,0,0,0,0,0
"LABEL=12010, GCI=636012EEA",0,0,0,0,0,0,0,0,0,0,0,0,0,0,0,0,0,0,0,0,0,0,0,0,0
"LABEL=12011, GCI=636012EEB",2,4,3,3,2,1,3,3,3,5,5,2,2,1,1,1,3,2,5,3,2,3,2,2,2.625
"LABEL=12012, GCI=636012EEC",7,7,6,6,7,7,8,7,8,10,11,9,8,10,11,10,12,9,7,6,8,9,9,8,8.333333333
"LABEL=13002, GCI=6360132CA",12,10,10,9,9,9,9,9,11,15,14,14,15,14,16,13,11,7,9,11,10,10,9,7,10.95833333
"LABEL=17008, GCI=636014270",12,15,14,13,16,16,13,13,18,14,18,14,17,18,18,14,14,13,21,22,21,19,13,8,15.58333333
"LABEL=171162.BSC_02.HW.NWR.BD_LAC_17011, GCI=636014271",2,2,2,2,2,3,3,3,3,2,2,2,3,3,4,2,2,2,3,5,1,1,1,1,2.333333333
"LABEL=171162.BSC_02.HW.NWR.BD_LAC_17012, GCI=636014272",0,0,0,0,0,0,1,2,3,0,1,2,0,1,1,2,0,0,1,1,1,0,0,0,0.666666667
"LABEL=171172.BSC_01.HW.NWR.GR_LAC_17002, GCI=63601426A",14,17,15,15,18,15,15,17,18,16,16,17,15,17,24,22,24,21,18,26,24,22,17,20,18.45833333
"LABEL=171172.BSC_01.HW.NWR.GR_LAC_17003, GCI=63601426B",3,4,3,3,3,4,4,4,4,6,7,6,4,4,5,6,4,3,3,3,3,3,4,5,4.083333333
"LABEL=171172.BSC_01.HW.NWR.GR_LAC_17004, GCI=63601426C",91,86,85,84,77,73,77,94,96,96,89,111,106,101,95,105,95,96,96,84,92,140,102,83,93.91666667
"LABEL=171172.BSC_01.HW.TELE.GONDER.NNWR 17020, GCI=63601427D",285,260,234,238,242,271,310,363,372,359,365,341,337,324,325,241,177,140,124,423,489,493,437,375,313.5416667
"LABEL=171172.BSC_01.HW.TELE.GONDER.NNWR 17021, GCI=63601427C",0,0,0,0,0,0,1,2,1,1,1,1,1,1,2,3,4,4,3,3,3,1,1,1,1.416666667
"LABEL=6360132C9, GCI=6360132C9",17,15,13,12,13,12,10,13,16,14,13,15,13,17,20,15,15,14,22,24,21,15,11,13,15.125
"LABEL=6360132CD, GCI=6360132CD",12,10,12,10,11,12,15,22,19,21,16,23,18,16,18,20,26,22,27,17,18,14,13,15,16.95833333
"LABEL=6360132CE, GCI=6360132CE",37,35,36,36,35,36,38,46,47,45,45,47,44,46,46,51,51,47,51,50,49,45,39,38,43.33333333
"LABEL=6360132CF, GCI=6360132CF",18,15,15,15,14,15,16,18,19,21,20,21,20,18,21,21,21,27,24,26,27,22,18,21,19.70833333
"LABEL=6360132D0, GCI=6360132D0",31,30,30,29,29,29,31,31,39,33,31,27,27,24,23,30,27,26,35,43,38,35,32,32,30.91666667
"LABEL=6360132D1, GCI=6360132D1",13,13,10,10,10,6,8,14,16,17,11,14,15,15,16,17,21,13,14,17,24,21,18,14,14.45833333
"LABEL=6360132D2, GCI=6360132D2",11,7,7,9,10,8,9,12,13,11,10,13,10,14,13,15,16,16,14,13,14,16,16,14,12.125
"LABEL=6360132D3, GCI=6360132D3",1,0,0,0,0,0,0,1,0,0,0,0,0,0,0,0,0,1,1,1,0,0,0,0,0.208333333
"LABEL=BSC_01.HW.AD.CNR, GCI=636013E81",14,11,12,11,10,12,12,9,11,15,12,12,15,19,16,16,19,15,10,11,14,10,10,12,12.83333333
"LABEL=BSC_01.HW.AD.CNR, GCI=636013E82",13,13,10,11,11,13,13,13,14,11,13,14,17,14,16,17,16,16,23,16,15,14,15,14,14.25
"LABEL=BSC_01.HW.AD.CNR, GCI=636013E83",7,7,6,5,6,7,7,6,7,5,6,7,7,9,6,7,9,9,7,7,5,6,7,7,6.75
"LABEL=BSC_01.HW.AD.CNR, GCI=636013E84",19,19,18,16,17,16,18,23,27,23,21,18,21,23,29,27,26,29,20,24,26,22,14,16,21.33333333
"LABEL=BSC_01.HW.AD.CNR, GCI=636013E85",9,8,8,8,6,5,7,7,6,11,8,7,12,10,11,13,11,12,11,14,14,14,13,10,9.791666667
"LABEL=BSC_01.HW.AD.CNR, GCI=636013E86",20,18,18,17,22,26,27,17,19,18,22,23,22,16,19,15,20,19,13,18,18,15,14,16,18.83333333
"LABEL=BSC_01.HW.NWR.GD, GCI=636010008",0,0,0,0,0,0,0,0,0,0,0,0,0,0,0,0,0,0,0,0,0,0,0,0,0
"LABEL=BSC_01.HW.NWR.GD_LAC_17001, GCI=636014269",6,5,5,4,4,4,6,3,3,4,4,3,3,1,1,3,3,4,2,3,4,4,4,3,3.583333333
"LABEL=BSC_01.HW.NWR.GD-17017, GCI=636014279",1,1,1,1,1,1,1,1,1,2,3,5,6,9,6,6,1,3,2,3,1,2,1,1,2.5
"LABEL=BSC_02.HW.NWR.BD_LAC_17011, GCI=636014273",0,0,0,0,0,0,0,1,1,0,1,1,1,1,3,2,3,2,1,1,2,1,0,0,0.875
"LABEL=BSC_02.HW.NWR.BD_LAC_17012, GCI=636014274",2,1,2,1,1,2,1,1,1,1,2,2,2,2,2,2,2,2,3,4,5,3,1,1,1.916666667
"LABEL=BSC_03.HW.NWR.BD, GCI=636010007",0,0,0,0,0,0,0,0,0,0,0,0,0,0,0,0,0,0,0,0,0,0,0,0,0
"LABEL=BSC_03.HW.NWR.BD_LAI-1, GCI=63601426D",6,6,6,6,6,7,6,8,8,8,5,3,5,5,5,5,4,5,6,5,5,5,5,5,5.625
"LABEL=BSC_03.HW.NWR.BD_LAI-2, GCI=63601426F",0,0,0,0,0,0,0,0,0,1,2,2,1,0,0,0,1,2,3,3,3,2,0,0,0.833333333
"LABEL=BSC_03.HW.NWR.BD_LAI-3, GCI=63601426E",4,4,4,4,4,4,4,5,5,3,3,3,4,7,4,3,3,4,4,4,3,3,4,8,4.083333333
"LABEL=BSC_03.HW.NWR.BD-17018, GCI=63601427A",0,0,0,0,0,0,0,0,0,0,0,0,1,2,2,4,3,3,3,3,4,3,3,3,1.416666667
"LABEL=BSC_04.HW.NWR.DM, GCI=636010009",0,0,0,0,0,0,0,0,0,0,0,0,0,0,0,0,0,0,0,0,0,0,0,0,0
"LABEL=BSC_04.HW.NWR.DM_LAC_17013, GCI=636014275",6,7,8,7,6,9,9,6,7,7,6,8,9,10,13,10,9,10,9,11,12,10,11,7,8.625
"LABEL=BSC_04.HW.NWR.DM_LAC_17016, GCI=636014278",0,1,1,0,0,0,1,1,0,0,0,2,2,2,0,0,0,0,0,1,2,2,1,1,0.708333333
"LABEL=BSC_04.HW.NWR.DM_LAI-1, GCI=636014276",2,2,2,2,2,2,4,5,5,5,5,4,7,7,7,7,6,6,6,8,9,8,7,6,5.166666667
"LABEL=BSC_04.HW.NWR.DM_LAI-2, GCI=636014277",1,0,0,0,1,0,1,2,3,2,3,4,3,1,0,2,2,3,2,2,3,2,1,1,1.625
"LABEL=BSC_04.HW.NWR.DM-17019, GCI=63601427B",0,0,0,0,0,0,0,0,0,0,0,0,0,3,5,2,2,1,1,2,1,2,2,2,0.958333333
"LABEL=NON-BROAD-GD, GCI=636011205",0,0,0,0,0,0,0,0,0,0,0,0,0,0,0,0,0,0,0,0,0,0,0,0,0
181024_MSC_13.HW..Hosaina.SSWR,6.714285714,5.979591837,6.06122449,5.959183673,6.020408163,5.857142857,6.775510204,7.857142857,8.653061224,8.632653061,9.408163265,9,9.020408163,8.795918367,8.836734694,9.12244898,8.755102041,9.183673469,8.693877551,8.93877551,8.591836735,8.530612245,7.857142857,6.857142857,7.920918367
"LABEL=BSC12_5660, GCI=636015660",0,0,0,0,0,0,0,0,0,0,0,0,0,0,0,0,0,0,0,0,0,0,0,0,0
"LABEL=BSC12_5672, GCI=636015672",0,0,0,0,0,0,0,0,0,0,0,0,0,0,0,0,0,0,0,0,0,0,0,0,0
"LABEL=BSC12_5673, GCI=636015673",0,0,0,0,0,0,0,0,0,0,0,0,0,0,0,0,0,0,0,0,0,0,0,0,0
"LABEL=BSC12_5674, GCI=636015674",0,0,0,0,0,0,0,0,0,0,0,0,0,0,0,0,0,0,0,0,0,0,0,0,0
"LABEL=BSC12_5675, GCI=636015675",0,0,0,0,0,0,0,0,0,0,0,0,0,0,0,0,0,0,0,0,0,0,0,0,0
"LABEL=BSC13_5661, GCI=636015661",46,40,46,47,47,45,58,78,80,79,95,96,96,86,91,85,78,76,79,79,75,70,59,50,70.04166667
"LABEL=BSC13_5676, GCI=636015676",21,21,22,20,21,25,24,27,25,30,29,27,23,26,19,23,19,19,14,22,22,29,17,14,22.45833333
"LABEL=BSC13_5677, GCI=636015677",5,4,4,6,5,3,3,6,10,9,5,8,12,8,8,6,12,9,11,10,10,6,6,8,7.25
"LABEL=BSC13_5678, GCI=636015678",0,0,0,1,1,1,0,0,1,1,0,0,1,1,0,1,1,0,0,0,0,0,0,0,0.375
"LABEL=BSC13_5679, GCI=636015679",0,0,0,0,0,0,1,0,0,4,2,1,3,3,1,1,1,1,2,2,4,0,0,1,1.125
"LABEL=BSC13_567F, GCI=63601567F",12,8,9,10,8,8,9,13,13,13,15,14,18,12,12,13,14,18,15,13,12,12,9,8,12
"LABEL=BSC13_5686, GCI=636015686",22,22,31,27,23,26,35,35,40,39,45,31,28,39,45,38,39,51,47,43,34,36,32,29,34.875
"LABEL=BSC13_5687, GCI=636015687",6,3,3,4,3,3,3,6,4,4,5,4,6,6,5,5,3,4,4,5,3,2,0,1,3.833333333
"LABEL=BSC13_5688, GCI=636015688",9,9,9,7,9,7,6,0,0,10,13,12,9,7,7,12,11,13,12,11,13,15,12,7,9.166666667
"LABEL=BSC13_5689, GCI=636015689",12,10,7,8,10,8,13,11,17,11,10,8,11,10,13,14,10,5,7,12,11,9,13,14,10.58333333
"LABEL=BSC13_568A, GCI=63601568A",1,0,1,2,2,2,3,10,11,9,9,11,16,14,12,10,10,11,13,9,7,9,10,6,7.833333333
"LABEL=BSC13_568B, GCI=63601568B",25,16,14,21,19,11,16,20,20,10,17,20,16,20,17,15,13,16,15,17,16,14,19,13,16.66666667
"LABEL=EBS14SH_5662, GCI=636015662",0,0,0,0,0,0,0,0,0,0,0,0,0,0,0,0,0,0,0,0,0,0,0,0,0
"LABEL=EBS14SH_5663, GCI=636015663",0,0,0,0,0,0,0,0,0,0,0,0,0,0,0,0,0,0,0,0,0,0,0,0,0
"LABEL=EBS14SH_5664, GCI=636015664",0,0,0,0,0,0,0,0,0,0,0,0,0,0,0,0,0,0,0,0,0,0,0,0,0
"LABEL=EBS14SH_5665, GCI=636015665",0,0,0,0,0,0,0,0,0,0,0,0,0,0,0,0,0,0,0,0,0,0,0,0,0
"LABEL=EBS14SH_5680, GCI=636015680",0,0,0,0,0,0,0,0,0,0,0,0,0,0,0,0,0,0,0,0,0,0,0,0,0
"LABEL=EBS14SH_5681, GCI=636015681",0,0,0,0,0,0,0,0,0,0,0,0,0,0,0,0,0,0,0,0,0,0,0,0,0
"LABEL=EBS14SH_5682, GCI=636015682",0,0,0,0,0,0,0,0,0,0,0,0,0,0,0,0,0,0,0,0,0,0,0,0,0
"LABEL=HSN_BSC03_LAC01, GCI=636014659",11,10,9,11,9,10,11,11,10,11,13,14,10,9,6,8,5,8,9,10,9,11,11,13,9.958333333
"LABEL=HSN_BSC03_LAC01, GCI=636014669",4,3,2,5,3,1,4,4,6,8,8,4,5,8,9,6,9,12,11,7,7,7,6,4,5.958333333
"LABEL=HSN_BSC03_LAC02, GCI=636014658",5,5,5,4,7,7,4,6,7,5,2,2,2,5,6,4,4,5,2,1,5,4,7,3,4.458333333
"LABEL=HSN_BSC03_LAC03, GCI=636014654",9,8,10,8,10,9,8,7,9,13,14,10,7,10,10,12,10,11,8,13,13,14,14,10,10.29166667
"LABEL=HSN_BSC03_LAC04, GCI=636014655",11,8,8,6,6,7,8,11,10,6,8,8,8,11,9,10,12,9,9,13,7,9,7,6,8.625
"LABEL=HSN_BSC03_LAC05, GCI=63601465F",12,11,11,9,12,10,11,16,16,17,20,19,18,17,23,21,22,26,19,20,18,19,18,15,16.66666667
"LABEL=HSN_BSC03_LAC06, GCI=636014665",4,3,4,4,4,4,4,3,7,7,8,9,9,15,10,8,10,11,9,6,8,4,7,4,6.75
"LABEL=HSN_BSC04_LAC01, GCI=636014662",21,18,15,15,14,14,11,14,13,15,16,19,17,15,15,21,15,18,18,18,14,16,18,13,15.95833333
"LABEL=HSN_BSC04_LAC02, GCI=636014667",8,8,6,3,7,7,9,8,8,7,7,5,5,9,10,8,12,7,5,8,6,6,3,5,6.958333333
"LABEL=HSN_BSC04_LAC03, GCI=636014663",10,10,9,5,4,6,7,6,9,7,12,10,11,8,13,17,12,11,5,9,8,7,11,11,9.083333333
"LABEL=HSN_BSC04_LAC04, GCI=636014660",12,11,11,10,11,9,10,10,15,13,14,12,10,12,9,12,11,12,14,14,17,15,9,7,11.66666667
"LABEL=HSN_BSC04_LAC05, GCI=636014661",14,14,14,13,15,14,15,11,17,14,16,18,19,14,14,20,21,22,21,20,21,26,25,26,17.66666667
"LABEL=NON_BROADCAST_HSN13, GCI=636011213",0,0,0,0,0,0,0,0,0,0,0,0,0,0,0,0,0,0,0,0,0,0,0,0,0
"LABEL=SODO_BSC01_LAC1, GCI=636014651",11,9,8,6,8,10,9,7,9,11,10,4,9,8,6,6,9,6,7,6,10,8,11,8,8.166666667
"LABEL=SODO_BSC01_LAC2, GCI=636014666",0,0,0,0,0,0,1,2,5,5,4,2,2,0,1,0,0,0,1,3,1,1,0,0,1.166666667
"LABEL=SODO_BSC01_LAC3, GCI=63601465E",0,0,0,0,0,0,0,1,0,0,0,0,3,1,3,0,0,1,2,1,0,0,0,0,0.5
"LABEL=SODO_BSC01_LAC4, GCI=636014668",11,8,9,11,12,13,16,22,21,27,24,27,20,17,23,25,24,19,20,14,15,16,16,18,17.83333333
"LABEL=SODO_BSC01_LAC5, GCI=63601465D",2,2,2,3,2,2,2,4,5,5,5,4,5,4,4,3,3,4,5,8,6,5,3,4,3.833333333
"LABEL=SODO_BSC01_LAC8, GCI=63601465C",0,0,0,0,0,0,3,5,4,2,3,7,5,2,1,3,9,5,3,7,6,7,5,3,3.333333333
"LABEL=SODO_BSC02_LAC1, GCI=636014656",6,7,5,4,3,3,3,5,7,4,6,6,7,6,7,9,5,6,5,7,8,9,8,9,6.041666667
"LABEL=SODO_BSC02_LAC2, GCI=636014652",1,2,1,0,0,0,0,0,0,4,6,5,2,1,1,1,0,1,0,2,1,1,1,1,1.291666667
"LABEL=SODO_BSC02_LAC3, GCI=636014657",4,8,8,8,6,8,8,11,9,8,7,5,8,10,10,12,8,7,6,7,10,10,10,6,8.083333333
"LABEL=SODO_BSC02_LAC4, GCI=63601465A",5,5,5,5,5,5,6,6,3,2,4,4,5,5,3,5,3,6,7,5,7,6,3,3,4.708333333
"LABEL=SODO_BSC02_LAC5, GCI=636014653",6,6,4,4,4,4,6,7,6,7,6,8,8,7,8,7,10,10,12,8,9,10,9,9,7.291666667
"LABEL=SODO_BSC02_LAC6, GCI=636014664",3,4,5,5,5,5,5,2,7,6,3,7,8,5,2,6,4,10,9,8,8,5,6,7,5.625
181307_MSC_14.HW.TEL.Sodo.SSWR,6.68,6.14,5.78,5.72,5.84,6.1,6.88,7.34,7.64,9.16,8.9,8.62,8.92,8.94,8.52,8.84,8.78,9.06,9.64,10.16,9.94,9.48,8.9,7.82,8.075
"LABEL=BSC12_5660, GCI=636015660",0,0,0,0,0,0,0,0,0,0,0,0,0,0,0,0,0,0,0,0,0,0,0,0,0
"LABEL=BSC12_5672, GCI=636015672",0,0,0,0,0,0,0,0,0,0,0,0,0,0,0,0,0,0,0,0,0,0,0,0,0
"LABEL=BSC12_5673, GCI=636015673",0,0,0,0,0,0,0,0,0,0,0,0,0,0,0,0,0,0,0,0,0,0,0,0,0
"LABEL=BSC12_5674, GCI=636015674",0,0,0,0,0,0,0,0,0,0,0,0,0,0,0,0,0,0,0,0,0,0,0,0,0
"LABEL=BSC12_5675, GCI=636015675",0,0,0,0,0,0,0,0,0,0,0,0,0,0,0,0,0,0,0,0,0,0,0,0,0
"LABEL=BSC13_5661, GCI=636015661",48,40,39,39,43,42,56,66,73,87,79,80,97,97,84,88,90,97,106,96,93,81,66,56,72.625
"LABEL=BSC13_5676, GCI=636015676",18,20,19,19,21,23,25,26,25,29,27,23,25,30,33,29,28,23,26,29,26,19,19,23,24.375
"LABEL=BSC13_5677, GCI=636015677",7,5,9,7,6,4,7,13,9,6,10,9,9,8,6,2,6,12,15,20,18,18,15,19,10
"LABEL=BSC13_5678, GCI=636015678",0,0,0,0,0,0,0,0,0,0,0,0,0,0,1,1,0,0,0,0,0,0,0,0,0.083333333
"LABEL=BSC13_5679, GCI=636015679",1,0,0,0,0,0,0,2,1,1,1,0,2,4,1,0,1,1,0,1,1,0,0,2,0.791666667
"LABEL=BSC13_567F, GCI=63601567F",6,4,5,9,7,4,3,4,2,9,12,13,9,12,11,11,6,12,12,15,14,15,14,10,9.125
"LABEL=BSC13_5686, GCI=636015686",31,35,32,24,28,38,40,37,41,50,44,44,38,45,41,49,52,53,55,53,50,53,46,33,42.16666667
"LABEL=BSC13_5687, GCI=636015687",4,4,4,4,4,4,6,7,5,6,4,7,4,4,5,6,4,6,5,6,5,6,6,4,5
"LABEL=BSC13_5688, GCI=636015688",14,15,14,13,14,13,7,3,0,13,16,16,11,17,15,17,7,19,17,17,16,19,20,14,13.625
"LABEL=BSC13_5689, GCI=636015689",9,8,5,8,9,9,11,7,11,12,8,10,15,8,10,14,14,11,12,13,12,10,9,11,10.25
"LABEL=BSC13_568A, GCI=63601568A",1,0,0,0,0,0,1,2,7,7,8,8,10,4,5,7,7,5,8,10,8,7,9,9,5.125
"LABEL=BSC13_568B, GCI=63601568B",29,16,14,17,18,12,16,16,19,17,17,17,16,14,16,13,8,8,9,20,24,18,21,21,16.5
"LABEL=BSC219.HW.TB.AA_G1, GCI=636012AF9",0,0,0,0,0,0,0,0,0,0,0,0,0,0,0,0,0,0,0,0,0,0,0,0,0
"LABEL=EBS14SH_5662, GCI=636015662",0,0,0,0,0,0,0,0,0,0,0,0,0,0,0,0,0,0,0,0,0,0,0,0,0
"LABEL=EBS14SH_5663, GCI=636015663",0,0,0,0,0,0,0,0,0,0,0,0,0,0,0,0,0,0,0,0,0,0,0,0,0
"LABEL=EBS14SH_5664, GCI=636015664",0,0,0,0,0,0,0,0,0,0,0,0,0,0,0,0,0,0,0,0,0,0,0,0,0
"LABEL=EBS14SH_5665, GCI=636015665",0,0,0,0,0,0,0,0,0,0,0,0,0,0,0,0,0,0,0,0,0,0,0,0,0
"LABEL=EBS14SH_5680, GCI=636015680",0,0,0,0,0,0,0,0,0,0,0,0,0,0,0,0,0,0,0,0,0,0,0,0,0
"LABEL=EBS14SH_5681, GCI=636015681",0,0,0,0,0,0,0,0,0,0,0,0,0,0,0,0,0,0,0,0,0,0,0,0,0
"LABEL=EBS14SH_5682, GCI=636015682",0,0,0,0,0,0,0,0,0,0,0,0,0,0,0,0,0,0,0,0,0,0,0,0,0
"LABEL=HSN_BSC03_LAC01, GCI=636014659",8,10,9,10,8,8,10,11,11,8,9,10,14,13,15,19,15,14,17,17,18,16,17,12,12.45833333
"LABEL=HSN_BSC03_LAC01, GCI=636014669",6,7,5,6,5,5,6,7,7,16,9,6,6,10,7,10,9,7,4,9,8,10,13,10,7.833333333
"LABEL=HSN_BSC03_LAC02, GCI=636014658",2,1,2,2,2,3,3,5,2,7,5,4,3,3,6,4,5,6,7,6,5,6,5,7,4.208333333
"LABEL=HSN_BSC03_LAC03, GCI=636014654",9,8,6,7,8,10,10,8,5,9,9,10,11,9,8,10,12,9,10,9,11,14,10,11,9.291666667
"LABEL=HSN_BSC03_LAC04, GCI=636014655",14,12,11,10,11,13,12,10,12,17,13,10,11,9,7,8,6,8,8,6,7,7,6,7,9.791666667
"LABEL=HSN_BSC03_LAC05, GCI=63601465F",15,14,14,15,13,15,12,11,9,10,13,15,15,12,11,15,13,12,14,23,19,18,20,19,14.45833333
"LABEL=HSN_BSC03_LAC06, GCI=636014665",10,9,6,9,6,6,7,6,6,4,6,6,7,5,9,15,13,11,12,13,14,11,10,8,8.708333333
"LABEL=HSN_BSC04_LAC01, GCI=636014662",16,16,17,13,11,16,23,16,20,19,21,18,13,14,18,14,21,23,21,19,25,26,23,19,18.41666667
"LABEL=HSN_BSC04_LAC02, GCI=636014667",3,4,3,4,3,5,5,6,5,5,6,5,3,7,6,6,9,9,6,5,8,9,7,6,5.625
"LABEL=HSN_BSC04_LAC03, GCI=636014663",6,5,7,9,6,7,9,6,9,6,10,14,12,11,8,6,9,8,7,9,8,8,7,9,8.166666667
"LABEL=HSN_BSC04_LAC04, GCI=636014660",8,10,10,9,9,9,8,12,10,13,11,10,13,9,10,11,12,9,14,12,13,16,17,16,11.29166667
"LABEL=HSN_BSC04_LAC05, GCI=636014661",17,15,12,10,10,9,10,20,18,22,21,17,13,14,16,18,17,14,15,14,18,17,15,14,15.25
"LABEL=NON_BROADCAST_SD14, GCI=636011210",0,0,0,0,0,0,0,0,0,0,0,0,0,0,0,0,0,0,0,0,0,0,0,0,0
"LABEL=SODO_BSC01_LAC1, GCI=636014651",7,5,4,4,7,4,7,8,7,7,7,4,6,9,6,6,10,4,4,5,5,5,7,5,5.958333333
"LABEL=SODO_BSC01_LAC2, GCI=636014666",1,0,0,0,0,0,0,0,1,1,3,2,3,1,1,1,0,1,2,4,3,2,2,0,1.166666667
"LABEL=SODO_BSC01_LAC3, GCI=63601465E",2,1,3,2,1,1,2,2,2,1,1,0,0,1,1,1,2,1,3,3,3,3,2,1,1.625
"LABEL=SODO_BSC01_LAC4, GCI=636014668",14,13,11,12,17,18,20,24,25,26,23,23,22,23,20,17,20,24,24,25,22,24,20,15,20.08333333
"LABEL=SODO_BSC01_LAC5, GCI=63601465D",1,1,2,1,1,1,1,3,3,3,3,2,2,3,2,2,1,1,1,2,1,1,2,1,1.708333333
"LABEL=SODO_BSC01_LAC8, GCI=63601465C",5,4,3,3,3,2,1,2,2,5,8,6,4,3,6,6,3,6,3,3,2,1,3,1,3.541666667
"LABEL=SODO_BSC02_LAC1, GCI=636014656",1,1,0,0,3,0,0,2,1,0,2,4,2,5,3,5,5,6,10,8,4,2,3,3,2.916666667
"LABEL=SODO_BSC02_LAC2, GCI=636014652",1,1,1,1,0,1,1,4,3,3,3,4,4,5,3,4,3,1,0,3,3,3,1,1,2.25
"LABEL=SODO_BSC02_LAC3, GCI=636014657",7,9,7,7,6,10,9,9,9,11,9,8,10,13,11,10,11,12,9,8,12,10,10,8,9.375
"LABEL=SODO_BSC02_LAC4, GCI=63601465A",2,3,3,1,2,2,3,1,4,6,7,7,9,6,6,3,7,4,5,5,5,4,6,5,4.416666667
"LABEL=SODO_BSC02_LAC5, GCI=636014653",4,4,4,4,4,5,6,5,10,13,11,10,16,13,11,8,8,7,10,8,9,9,8,6,8.041666667
"LABEL=SODO_BSC02_LAC6, GCI=636014664",7,7,8,7,6,6,7,6,8,9,9,9,11,6,7,6,5,9,11,12,7,6,6,5,7.5
181307_MSC_15.HW.TEL.Sodo.SSWR,7.387755102,6.428571429,6.469387755,6.387755102,6.530612245,6.285714286,6.918367347,8.142857143,8.367346939,8.918367347,10.2244898,9.87755102,9.714285714,9.469387755,9.816326531,9.551020408,9.632653061,9.224489796,9.571428571,10.28571429,10.63265306,10,9.306122449,8.040816327,8.632653061
"LABEL=BSC12_5660, GCI=636015660",0,0,0,0,0,0,0,0,0,0,0,0,0,0,0,0,0,0,0,0,0,0,0,0,0
"LABEL=BSC12_5672, GCI=636015672",0,0,0,0,0,0,0,0,0,0,0,0,0,0,0,0,0,0,0,0,0,0,0,0,0
"LABEL=BSC12_5673, GCI=636015673",0,0,0,0,0,0,0,0,0,0,0,0,0,0,0,0,0,0,0,0,0,0,0,0,0
"LABEL=BSC12_5674, GCI=636015674",0,0,0,0,0,0,0,0,0,0,0,0,0,0,0,0,0,0,0,0,0,0,0,0,0
"LABEL=BSC12_5675, GCI=636015675",0,0,0,0,0,0,0,0,0,0,0,0,0,0,0,0,0,0,0,0,0,0,0,0,0
"LABEL=BSC13_5661, GCI=636015661",41,33,34,35,33,35,45,61,64,71,87,84,83,80,85,80,85,80,84,94,99,77,72,51,66.375
"LABEL=BSC13_5676, GCI=636015676",23,21,24,24,23,23,24,25,27,23,33,36,34,27,31,36,29,25,30,26,20,26,24,22,26.5
"LABEL=BSC13_5677, GCI=636015677",4,3,4,3,4,3,6,9,10,7,13,13,14,11,12,12,11,16,14,17,18,18,15,17,10.58333333
"LABEL=BSC13_5678, GCI=636015678",0,0,0,0,0,0,0,0,0,0,0,1,0,1,1,1,0,0,0,0,0,0,0,0,0.166666667
"LABEL=BSC13_5679, GCI=636015679",1,0,0,1,1,2,0,1,3,0,0,2,2,1,1,1,2,2,0,3,5,3,1,2,1.416666667
"LABEL=BSC13_567F, GCI=63601567F",6,7,5,7,5,5,4,7,10,15,17,16,15,13,13,14,19,19,18,20,22,17,14,10,12.41666667
"LABEL=BSC13_5686, GCI=636015686",26,25,19,17,27,32,32,33,37,41,45,43,42,44,43,47,53,42,36,40,48,44,38,28,36.75
"LABEL=BSC13_5687, GCI=636015687",4,5,5,3,3,6,5,3,4,6,10,8,5,7,6,6,4,3,4,5,5,4,3,3,4.875
"LABEL=BSC13_5688, GCI=636015688",17,18,23,19,20,17,13,1,0,16,22,21,10,17,21,23,22,16,12,14,15,18,15,12,15.91666667
"LABEL=BSC13_5689, GCI=636015689",13,9,12,17,17,12,13,20,14,15,12,17,13,15,10,15,13,12,12,15,11,14,13,13,13.625
"LABEL=BSC13_568A, GCI=63601568A",2,1,5,4,3,1,5,4,12,12,7,5,12,11,7,7,12,11,8,6,8,11,14,7,7.291666667
"LABEL=BSC13_568B, GCI=63601568B",29,16,10,11,11,8,17,23,15,19,19,24,20,15,16,20,15,14,19,24,24,12,16,22,17.45833333
"LABEL=EBS14SH_5662, GCI=636015662",0,0,0,0,0,0,0,0,0,0,0,0,0,0,0,0,0,0,0,0,0,0,0,0,0
"LABEL=EBS14SH_5663, GCI=636015663",0,0,0,0,0,0,0,0,0,0,0,0,0,0,0,0,0,0,0,0,0,0,0,0,0
"LABEL=EBS14SH_5664, GCI=636015664",0,0,0,0,0,0,0,0,0,0,0,0,0,0,0,0,0,0,0,0,0,0,0,0,0
"LABEL=EBS14SH_5665, GCI=636015665",0,0,0,0,0,0,0,0,0,0,0,0,0,0,0,0,0,0,0,0,0,0,0,0,0
"LABEL=EBS14SH_5680, GCI=636015680",0,0,0,0,0,0,0,0,0,0,0,0,0,0,0,0,0,0,0,0,0,0,0,0,0
"LABEL=EBS14SH_5681, GCI=636015681",0,0,0,0,0,0,0,0,0,0,0,0,0,0,0,0,0,0,0,0,0,0,0,0,0
"LABEL=EBS14SH_5682, GCI=636015682",0,0,0,0,0,0,0,0,0,0,0,0,0,0,0,0,0,0,0,0,0,0,0,0,0
"LABEL=HSN_BSC03_LAC01, GCI=636014659",15,13,12,9,10,9,9,9,11,13,14,8,10,8,7,7,8,8,12,10,11,12,10,11,10.25
"LABEL=HSN_BSC03_LAC01, GCI=636014669",6,7,10,8,7,5,6,9,8,10,9,8,7,8,9,11,9,4,6,10,10,9,7,7,7.916666667
"LABEL=HSN_BSC03_LAC02, GCI=636014658",4,3,1,1,2,3,3,4,5,4,9,7,4,7,4,5,8,8,6,6,8,9,5,3,4.958333333
"LABEL=HSN_BSC03_LAC03, GCI=636014654",7,7,7,8,9,8,9,11,10,12,10,6,8,11,13,7,11,13,12,10,12,13,11,11,9.833333333
"LABEL=HSN_BSC03_LAC04, GCI=636014655",12,12,8,10,11,10,10,10,13,10,17,16,15,17,18,15,12,13,15,13,15,16,14,12,13.08333333
"LABEL=HSN_BSC03_LAC05, GCI=63601465F",13,15,16,16,16,14,11,13,17,14,18,13,19,14,14,13,13,15,23,20,24,21,24,20,16.5
"LABEL=HSN_BSC03_LAC06, GCI=636014665",8,6,5,5,8,9,9,15,13,13,11,9,10,9,8,8,5,7,7,9,9,10,8,7,8.666666667
"LABEL=HSN_BSC04_LAC01, GCI=636014662",18,15,17,18,16,13,16,19,19,17,17,16,14,16,20,12,16,21,20,23,20,18,18,21,17.5
"LABEL=HSN_BSC04_LAC02, GCI=636014667",8,8,8,6,6,5,8,7,7,9,9,8,7,5,11,10,5,7,9,9,9,10,10,4,7.708333333
"LABEL=HSN_BSC04_LAC03, GCI=636014663",8,9,10,8,9,7,7,9,8,11,10,10,11,9,10,8,12,10,10,10,15,12,10,9,9.666666667
"LABEL=HSN_BSC04_LAC04, GCI=636014660",7,5,7,7,6,7,10,10,9,8,9,6,11,14,14,15,11,11,8,16,16,12,10,11,10
"LABEL=HSN_BSC04_LAC05, GCI=636014661",14,13,13,13,13,14,16,20,21,21,20,22,25,27,21,24,18,18,19,16,17,21,18,15,18.29166667
"LABEL=NON_BROADCAST_SD15, GCI=636011211",0,0,0,0,0,0,0,0,0,0,0,0,0,0,0,0,0,0,0,0,0,0,0,0,0
"LABEL=SODO_BSC01_LAC1, GCI=636014651",9,8,6,11,8,8,4,9,10,6,6,8,9,11,5,8,11,7,6,8,8,8,7,6,7.791666667
"LABEL=SODO_BSC01_LAC2, GCI=636014666",0,0,0,0,0,0,1,0,2,1,3,2,1,0,2,1,1,2,2,4,1,2,0,0,1.041666667
"LABEL=SODO_BSC01_LAC3, GCI=63601465E",0,0,0,0,0,0,0,1,1,2,2,1,1,0,1,3,0,1,3,3,2,2,1,2,1.083333333
"LABEL=SODO_BSC01_LAC4, GCI=636014668",19,19,18,16,19,21,20,29,20,21,27,28,20,15,19,20,23,28,29,28,23,22,24,22,22.08333333
"LABEL=SODO_BSC01_LAC5, GCI=63601465D",4,4,5,3,4,4,3,5,4,4,4,5,5,5,5,3,4,3,3,4,5,6,8,5,4.375
"LABEL=SODO_BSC01_LAC8, GCI=63601465C",4,2,2,2,2,1,1,3,4,3,5,4,6,5,8,8,5,4,5,4,7,6,5,3,4.125
"LABEL=SODO_BSC02_LAC1, GCI=636014656",5,4,4,4,4,6,6,7,7,8,6,7,6,6,6,5,4,4,4,7,5,8,6,5,5.583333333
"LABEL=SODO_BSC02_LAC2, GCI=636014652",3,1,0,1,1,0,0,0,0,0,2,2,3,4,4,2,4,1,2,1,2,1,1,1,1.5
"LABEL=SODO_BSC02_LAC3, GCI=636014657",13,11,10,10,8,8,9,8,11,9,11,12,15,9,14,9,12,9,10,9,10,9,12,12,10.41666667
"LABEL=SODO_BSC02_LAC4, GCI=63601465A",5,3,4,4,4,3,4,3,1,5,4,7,6,8,6,2,2,3,5,4,2,4,6,7,4.25
"LABEL=SODO_BSC02_LAC5, GCI=636014653",7,7,6,6,7,6,8,6,6,5,6,4,6,5,6,3,4,6,6,8,9,7,7,4,6.041666667
"LABEL=SODO_BSC02_LAC6, GCI=636014664",7,5,7,6,3,3,5,5,7,6,7,5,7,9,10,7,9,9,10,8,6,8,9,9,6.958333333
